{"ID":"0","Script":{"line":"다시 한번 더 인사를 드립니다","line_timestamp":"다시 한번 더 인사를 드립니다","gesture":null,"command_schedule":null,"face":null,"gesture_schedule":null,"blink":null,"face_schedule":null,"command":null,"blink_schedule":null,"ui":null,"SpecialCommands":null,"audio_id":"ai-presenter-1-02","audio_schedule":[{"type":"start","time":0},{"type":"stop","time":2037}],"panel_schedule":null,"duration":2037,"name":"action","Flag":null,"NonTextTimestamp":null,"Description":"","Date":""}}