{"ID":"0","Script":{"line":"저에 대해 관심이 있으시군요 감사합니다","line_timestamp":"저에 대해 관심이 있으시군요 감사합니다","gesture":null,"command_schedule":null,"face":null,"gesture_schedule":null,"blink":null,"face_schedule":null,"command":null,"blink_schedule":null,"ui":null,"SpecialCommands":null,"audio_id":"ai-presenter-1-01","audio_schedule":[{"type":"start","time":0},{"type":"stop","time":3866}],"panel_schedule":null,"duration":3866,"name":"action","Flag":null,"NonTextTimestamp":null,"Description":"","Date":""}}