{"ID":"0","Script":{"line":"궁금하신 것이 있으면","line_timestamp":"궁금하신 것이 있으면","gesture":null,"command_schedule":null,"face":null,"gesture_schedule":null,"blink":null,"face_schedule":null,"command":null,"blink_schedule":null,"ui":null,"SpecialCommands":null,"audio_id":"ai-presenter-1-09","audio_schedule":[{"type":"start","time":0},{"type":"stop","time":1541}],"panel_schedule":null,"duration":1541,"name":"action","Flag":null,"NonTextTimestamp":null,"Description":"","Date":""}}