{"ID":"0","Script":{"line":"저는 인공지능연구원에서 개발한","line_timestamp":"저는 인공지능연구원에서 개발한","gesture":null,"command_schedule":null,"face":null,"gesture_schedule":null,"blink":null,"face_schedule":null,"command":null,"blink_schedule":null,"ui":null,"SpecialCommands":null,"audio_id":"ai-presenter-1-03","audio_schedule":[{"type":"start","time":0},{"type":"stop","time":2377}],"panel_schedule":null,"duration":2377,"name":"action","Flag":null,"NonTextTimestamp":null,"Description":"","Date":""}}