{"ID":"0","Script":{"line":"언제든지 아래의 서비스 버튼을 눌러주세요","line_timestamp":"언제든지 아래의 서비스 버튼을 눌러주세요","gesture":null,"command_schedule":null,"face":null,"gesture_schedule":null,"blink":null,"face_schedule":null,"command":null,"blink_schedule":null,"ui":null,"SpecialCommands":null,"audio_id":"ai-presenter-1-10","audio_schedule":[{"type":"start","time":0},{"type":"stop","time":2977}],"panel_schedule":null,"duration":2977,"name":"action","Flag":null,"NonTextTimestamp":null,"Description":"","Date":""}}