{"ID":"0","Script":{"line":"여러분들과 만나서 편하고 친숙하게 서비스를 소개하고","line_timestamp":"여러분들과 만나서 편하고 친숙하게 서비스를 소개하고","gesture":null,"command_schedule":null,"face":null,"gesture_schedule":null,"blink":null,"face_schedule":null,"command":null,"blink_schedule":null,"ui":null,"SpecialCommands":null,"audio_id":"ai-presenter-1-05","audio_schedule":[{"type":"start","time":0},{"type":"stop","time":4048}],"panel_schedule":null,"duration":4048,"name":"action","Flag":null,"NonTextTimestamp":null,"Description":"","Date":""}}