{"ID":"0","Script":{"line":"에이아이 안내원 아이리입니다","line_timestamp":"에이아이 안내원 아이리입니다","gesture":null,"command_schedule":null,"face":null,"gesture_schedule":null,"blink":null,"face_schedule":null,"command":null,"blink_schedule":null,"ui":null,"SpecialCommands":null,"audio_id":"ai-presenter-1-04","audio_schedule":[{"type":"start","time":0},{"type":"stop","time":1985}],"panel_schedule":null,"duration":1985,"name":"action","Flag":null,"NonTextTimestamp":null,"Description":"","Date":""}}