{"ID":"0","Script":{"line":"저는 여러분의 움직임에 따라","line_timestamp":"저는 여러분의 움직임에 따라","gesture":null,"command_schedule":null,"face":null,"gesture_schedule":null,"blink":null,"face_schedule":null,"command":null,"blink_schedule":null,"ui":null,"SpecialCommands":null,"audio_id":"ai-presenter-1-07","audio_schedule":[{"type":"start","time":0},{"type":"stop","time":2115}],"panel_schedule":null,"duration":2115,"name":"action","Flag":null,"NonTextTimestamp":null,"Description":"","Date":""}}