{"ID":"0","Script":{"line":"구민의 안전하고 편안한 생활을 위해 활동할 것입니다","line_timestamp":"구민의 안전하고 편안한 생활을 위해 활동할 것입니다","gesture":null,"command_schedule":null,"face":null,"gesture_schedule":null,"blink":null,"face_schedule":null,"command":null,"blink_schedule":null,"ui":null,"SpecialCommands":null,"audio_id":"ai-robot-1-10","audio_schedule":[{"type":"start","time":0},{"type":"stop","time":3552}],"panel_schedule":null,"duration":3552,"name":"action","Flag":null,"NonTextTimestamp":null,"Description":"","Date":""}}