{"ID":"0","Script":{"line":"멀티 디스플레이에 보이는 홍보관 내부 화면이","line_timestamp":"멀티 디스플레이에 보이는 홍보관 내부 화면이","gesture":null,"command_schedule":null,"face":null,"gesture_schedule":null,"blink":null,"face_schedule":null,"command":null,"blink_schedule":null,"ui":null,"SpecialCommands":null,"audio_id":"ai-robot-1-07","audio_schedule":[{"type":"start","time":0},{"type":"stop","time":3056}],"panel_schedule":null,"duration":3056,"name":"action","Flag":null,"NonTextTimestamp":null,"Description":"","Date":""}}