{"ID":"0","Script":{"line":"자율 주행 기능과 음성 안내 및 안전을 위한","line_timestamp":"자율 주행 기능과 음성 안내 및 안전을 위한","gesture":null,"command_schedule":null,"face":null,"gesture_schedule":null,"blink":null,"face_schedule":null,"command":null,"blink_schedule":null,"ui":null,"SpecialCommands":null,"audio_id":"ai-robot-1-05","audio_schedule":[{"type":"start","time":0},{"type":"stop","time":3030}],"panel_schedule":null,"duration":3030,"name":"action","Flag":null,"NonTextTimestamp":null,"Description":"","Date":""}}