{"ID":"0","Script":{"line":"매우 부지런한 이 친구는 여기 저기 다니면서","line_timestamp":"매우 부지런한 이 친구는 여기 저기 다니면서","gesture":null,"command_schedule":null,"face":null,"gesture_schedule":null,"blink":null,"face_schedule":null,"command":null,"blink_schedule":null,"ui":null,"SpecialCommands":null,"audio_id":"ai-robot-1-02","audio_schedule":[{"type":"start","time":0},{"type":"stop","time":3082}],"panel_schedule":null,"duration":3082,"name":"action","Flag":null,"NonTextTimestamp":null,"Description":"","Date":""}}