{"ID":"0","Script":{"line":"저의 친구 구로봇을 소개해 드리겠습니다","line_timestamp":"저의 친구 구로봇을 소개해 드리겠습니다","gesture":null,"command_schedule":null,"face":null,"gesture_schedule":null,"blink":null,"face_schedule":null,"command":null,"blink_schedule":null,"ui":null,"SpecialCommands":null,"audio_id":"ai-robot-1-01","audio_schedule":[{"type":"start","time":0},{"type":"stop","time":2560}],"panel_schedule":null,"duration":2560,"name":"action","Flag":null,"NonTextTimestamp":null,"Description":"","Date":""}}