{"ID":"0","Script":{"line":"바로 구로봇이 전송해주는 영상입니다","line_timestamp":"바로 구로봇이 전송해주는 영상입니다","gesture":null,"command_schedule":null,"face":null,"gesture_schedule":null,"blink":null,"face_schedule":null,"command":null,"blink_schedule":null,"ui":null,"SpecialCommands":null,"audio_id":"ai-robot-1-08","audio_schedule":[{"type":"start","time":0},{"type":"stop","time":2716}],"panel_schedule":null,"duration":2716,"name":"action","Flag":null,"NonTextTimestamp":null,"Description":"","Date":""}}