{"ID":"0","Script":{"line":"보안 카메라 기능을 탑재하고 있습니다","line_timestamp":"보안 카메라 기능을 탑재하고 있습니다","gesture":null,"command_schedule":null,"face":null,"gesture_schedule":null,"blink":null,"face_schedule":null,"command":null,"blink_schedule":null,"ui":null,"SpecialCommands":null,"audio_id":"ai-robot-1-06","audio_schedule":[{"type":"start","time":0},{"type":"stop","time":2481}],"panel_schedule":null,"duration":2481,"name":"action","Flag":null,"NonTextTimestamp":null,"Description":"","Date":""}}