{"ID":"0","Script":{"line":"스마트 구로 홍보관을 많은 분들께 알리고 있습니다","line_timestamp":"스마트 구로 홍보관을 많은 분들께 알리고 있습니다","gesture":null,"command_schedule":null,"face":null,"gesture_schedule":null,"blink":null,"face_schedule":null,"command":null,"blink_schedule":null,"ui":null,"SpecialCommands":null,"audio_id":"ai-robot-1-03","audio_schedule":[{"type":"start","time":0},{"type":"stop","time":3291}],"panel_schedule":null,"duration":3291,"name":"action","Flag":null,"NonTextTimestamp":null,"Description":"","Date":""}}