{"ID":"0","Script":{"line":"제 친구는 스마트 구로 홍보관에서","line_timestamp":"제 친구는 스마트 구로 홍보관에서","gesture":null,"command_schedule":null,"face":null,"gesture_schedule":null,"blink":null,"face_schedule":null,"command":null,"blink_schedule":null,"ui":null,"SpecialCommands":null,"audio_id":"ai-robot-1-09","audio_schedule":[{"type":"start","time":0},{"type":"stop","time":2507}],"panel_schedule":null,"duration":2507,"name":"action","Flag":null,"NonTextTimestamp":null,"Description":"","Date":""}}