{"ID":"0","Script":{"line":"홍보관 안쪽에 대형 멀티 디스플레이가 있는데요","line_timestamp":"홍보관 안쪽에 대형 멀티 디스플레이가 있는데요","gesture":null,"command_schedule":null,"face":null,"gesture_schedule":null,"blink":null,"face_schedule":null,"command":null,"blink_schedule":null,"ui":null,"SpecialCommands":null,"audio_id":"citizen-room-1-01","audio_schedule":[{"type":"start","time":0},{"type":"stop","time":3291}],"panel_schedule":null,"duration":3291,"name":"action","Flag":null,"NonTextTimestamp":null,"Description":"","Date":""}}