{"ID":"0","Script":{"line":"지도 위에 구로구의 현황을 한 눈에 볼 수 있도록 자료를 표시하고","line_timestamp":"지도 위에 구로구의 현황을 한 눈에 볼 수 있도록 자료를 표시하고","gesture":null,"command_schedule":null,"face":null,"gesture_schedule":null,"blink":null,"face_schedule":null,"command":null,"blink_schedule":null,"ui":null,"SpecialCommands":null,"audio_id":"citizen-room-1-04","audio_schedule":[{"type":"start","time":0},{"type":"stop","time":3892}],"panel_schedule":null,"duration":3892,"name":"action","Flag":null,"NonTextTimestamp":null,"Description":"","Date":""}}