{"ID":"0","Script":{"line":"데이터 지도는 구민과 함께 고민하고 발전 방향을 공유하기 위한","line_timestamp":"데이터 지도는 구민과 함께 고민하고 발전 방향을 공유하기 위한","gesture":null,"command_schedule":null,"face":null,"gesture_schedule":null,"blink":null,"face_schedule":null,"command":null,"blink_schedule":null,"ui":null,"SpecialCommands":null,"audio_id":"citizen-room-1-06","audio_schedule":[{"type":"start","time":0},{"type":"stop","time":4440}],"panel_schedule":null,"duration":4440,"name":"action","Flag":null,"NonTextTimestamp":null,"Description":"","Date":""}}