{"ID":"0","Script":{"line":"열린 구민 행정 서비스입니다","line_timestamp":"열린 구민 행정 서비스입니다","gesture":null,"command_schedule":null,"face":null,"gesture_schedule":null,"blink":null,"face_schedule":null,"command":null,"blink_schedule":null,"ui":null,"SpecialCommands":null,"audio_id":"citizen-room-1-07","audio_schedule":[{"type":"start","time":0},{"type":"stop","time":2089}],"panel_schedule":null,"duration":2089,"name":"action","Flag":null,"NonTextTimestamp":null,"Description":"","Date":""}}