{"ID":"0","Script":{"line":"변화하는 모습을 그래프로 보여주는 데이터 지도가 있습니다","line_timestamp":"변화하는 모습을 그래프로 보여주는 데이터 지도가 있습니다","gesture":null,"command_schedule":null,"face":null,"gesture_schedule":null,"blink":null,"face_schedule":null,"command":null,"blink_schedule":null,"ui":null,"SpecialCommands":null,"audio_id":"citizen-room-1-05","audio_schedule":[{"type":"start","time":0},{"type":"stop","time":3709}],"panel_schedule":null,"duration":3709,"name":"action","Flag":null,"NonTextTimestamp":null,"Description":"","Date":""}}