{"ID":"0","Script":{"line":"구로구의 데이터 지도가 보이는 구민 상황실입니다","line_timestamp":"구로구의 데이터 지도가 보이는 구민 상황실입니다","gesture":null,"command_schedule":null,"face":null,"gesture_schedule":null,"blink":null,"face_schedule":null,"command":null,"blink_schedule":null,"ui":null,"SpecialCommands":null,"audio_id":"citizen-room-1-02","audio_schedule":[{"type":"start","time":0},{"type":"stop","time":3317}],"panel_schedule":null,"duration":3317,"name":"action","Flag":null,"NonTextTimestamp":null,"Description":"","Date":""}}