{"Script":{"line":"비교하여 보시면","line_timestamp":"비교하여 보시면","gesture":[{"controller":"Base","type":"Base_Basepose_1_1","pre":[["t0","t5"]],"stroke":[],"relax":[],"pose":1,"relative":0,"periodic":0},{"controller":"BothArm1","type":"Hand_BothSide_MakePose_2_2","pre":[["t0","t2"]],"stroke":[["t2","t5"]],"relax":[["t5","t8"]],"pose":1,"relative":0,"periodic":0},{"controller":"Head1","type":"Head_NodDown_3","pre":[],"stroke":[["t0","t3"],["t3","t6"]],"relax":[],"pose":0,"relative":1,"periodic":1}],"gesture_schedule":[{"controller":"Base","type":"Base_Basepose_1_1","pose":1,"relative":0,"periodic":0,"phase":"pre","start":6,"duration":730},{"controller":"BothArm1","type":"Hand_BothSide_MakePose_2_2","pose":1,"relative":0,"periodic":0,"phase":"pre","start":6,"duration":292},{"controller":"BothArm1","type":"Hand_BothSide_MakePose_2_2","pose":1,"relative":0,"periodic":0,"phase":"stroke","start":298,"duration":438},{"controller":"BothArm1","type":"Hand_BothSide_MakePose_2_2","pose":1,"relative":0,"periodic":0,"phase":"relax","start":736,"duration":444},{"controller":"Head1","type":"Head_NodDown_3","pose":0,"relative":1,"periodic":1,"phase":"stroke","start":6,"duration":438},{"controller":"Head1","type":"Head_NodDown_3","pose":0,"relative":1,"periodic":1,"phase":"stroke","start":444,"duration":438}],"face":[{"controller":"Face","type":"Tender","relax":[["t2","t4"]],"stroke":[["t0","t2"]]}],"face_schedule":[{"controller":"Face","type":"Tender","duration":292,"phase":"stroke","start":6},{"controller":"Face","type":"Tender","duration":292,"phase":"relax","start":298}],"command":[],"command_schedule":[],"ui":[],"SpecialCommands":null,"audio_id":"digital-twin-1-11","audio_schedule":[{"type":"start","time":0},{"type":"stop","time":1253}],"ui_schedule":[],"duration":1253,"name":"action","sound_schedule":[],"Description":"","Date":"2019.09.16-12.32.49","sound":[]}}