{"Script":{"line":"데이터와 지도를 결합하여 표현하고 있습니다","line_timestamp":"*300*300데이터와 지도를 결합하여 표현하고 있습니다*700","gesture":[{"controller":"Base","type":"Base_Basepose_1_1","pre":[["t0","t6"]],"stroke":[],"relax":[],"pose":1,"relative":0,"periodic":0},{"controller":"FullBody1","type":"Breathing_3","pre":[],"stroke":[["t0","t2"],["t2","t5"]],"relax":[["t5","t8"]],"pose":0,"relative":1,"periodic":1},{"controller":"FullBody1","type":"UpperBody_Push_1","pre":[],"stroke":[["t8","t11"]],"relax":[["t11","t19"]],"pose":0,"relative":1,"periodic":0},{"controller":"RArm1","type":"Hand_Side_Make_3_3_2","pre":[["t0","t1"]],"stroke":[["t1","t6"]],"relax":[],"pose":0,"relative":0,"periodic":0},{"controller":"RArm1","type":"Hand_Side_In_3_4_1_1","pre":[],"stroke":[["t9","t12"],["t12","t15"]],"relax":[["t15","t21"]],"pose":0,"relative":0,"periodic":0},{"controller":"LArm1","type":"Hand_Side_Make_3_3_2","pre":[["t3","t5"]],"stroke":[["t5","t9"]],"relax":[],"pose":0,"relative":0,"periodic":0},{"controller":"LArm1","type":"Hand_Side_In_3_4_1_1","pre":[],"stroke":[["t9","t13"],["t13","t18"]],"relax":[["t18","t21"]],"pose":0,"relative":0,"periodic":0},{"controller":"Head1","type":"Head_NodDown_3","pre":[],"stroke":[["t14","t17"],["t17","t20"]],"relax":[],"pose":0,"relative":1,"periodic":1}],"gesture_schedule":[{"controller":"Base","type":"Base_Basepose_1_1","pose":1,"relative":0,"periodic":0,"phase":"pre","start":0,"duration":1034},{"controller":"FullBody1","type":"Breathing_3","pose":0,"relative":1,"periodic":1,"phase":"stroke","start":0,"duration":606},{"controller":"FullBody1","type":"Breathing_3","pose":0,"relative":1,"periodic":1,"phase":"stroke","start":606,"duration":321},{"controller":"FullBody1","type":"Breathing_3","pose":0,"relative":1,"periodic":1,"phase":"relax","start":927,"duration":333},{"controller":"FullBody1","type":"UpperBody_Push_1","pose":0,"relative":1,"periodic":0,"phase":"stroke","start":1260,"duration":354},{"controller":"FullBody1","type":"UpperBody_Push_1","pose":0,"relative":1,"periodic":0,"phase":"relax","start":1614,"duration":979},{"controller":"RArm1","type":"Hand_Side_Make_3_3_2","pose":0,"relative":0,"periodic":0,"phase":"pre","start":0,"duration":300},{"controller":"RArm1","type":"Hand_Side_Make_3_3_2","pose":0,"relative":0,"periodic":0,"phase":"stroke","start":300,"duration":734},{"controller":"RArm1","type":"Hand_Side_In_3_4_1_1","pose":0,"relative":0,"periodic":0,"phase":"stroke","start":1378,"duration":361},{"controller":"RArm1","type":"Hand_Side_In_3_4_1_1","pose":0,"relative":0,"periodic":0,"phase":"stroke","start":1739,"duration":375},{"controller":"RArm1","type":"Hand_Side_In_3_4_1_1","pose":0,"relative":0,"periodic":0,"phase":"relax","start":2114,"duration":716},{"controller":"LArm1","type":"Hand_Side_Make_3_3_2","pose":0,"relative":0,"periodic":0,"phase":"pre","start":713,"duration":214},{"controller":"LArm1","type":"Hand_Side_Make_3_3_2","pose":0,"relative":0,"periodic":0,"phase":"stroke","start":927,"duration":451},{"controller":"LArm1","type":"Hand_Side_In_3_4_1_1","pose":0,"relative":0,"periodic":0,"phase":"stroke","start":1378,"duration":486},{"controller":"LArm1","type":"Hand_Side_In_3_4_1_1","pose":0,"relative":0,"periodic":0,"phase":"stroke","start":1864,"duration":611},{"controller":"LArm1","type":"Hand_Side_In_3_4_1_1","pose":0,"relative":0,"periodic":0,"phase":"relax","start":2475,"duration":355},{"controller":"Head1","type":"Head_NodDown_3","pose":0,"relative":1,"periodic":1,"phase":"stroke","start":1989,"duration":368},{"controller":"Head1","type":"Head_NodDown_3","pose":0,"relative":1,"periodic":1,"phase":"stroke","start":2357,"duration":354}],"face":[{"controller":"Face","type":"Tender","relax":[["t17","t19"]],"stroke":[["t15","t17"]]},{"controller":"Face","type":"Pleased","relax":[["t4","t6"]],"stroke":[["t2","t4"]]}],"face_schedule":[{"controller":"Face","type":"Tender","duration":243,"phase":"stroke","start":2114},{"controller":"Face","type":"Tender","duration":236,"phase":"relax","start":2357},{"controller":"Face","type":"Pleased","duration":214,"phase":"stroke","start":606},{"controller":"Face","type":"Pleased","duration":214,"phase":"relax","start":820}],"command":[],"command_schedule":[],"ui":[],"SpecialCommands":null,"audio_id":"digital-twin-1-05","audio_schedule":[{"type":"start","time":300},{"type":"pause","time":300},{"type":"resume","time":606},{"type":"stop","time":3630}],"ui_schedule":[],"duration":4330,"name":"action","sound_schedule":[],"Description":"","Date":"2019.09.16-12.32.49","sound":[]}}