{"Script":{"line":"변화하고 발전된 구로구에서","line_timestamp":"변화하고 발전된 구로구에서","gesture":[{"controller":"Base","type":"Base_Basepose_1_1","pre":[["t0","t7"]],"stroke":[],"relax":[],"pose":1,"relative":0,"periodic":0},{"controller":"FullBody1","type":"UpperBody_TwistL_2","pre":[],"stroke":[["t0","t6"]],"relax":[["t6","t12"]],"pose":0,"relative":1,"periodic":0},{"controller":"BothArm1","type":"Hand_BothUp_Make_2_3_3_2","pre":[["t0","t4"]],"stroke":[["t4","t9"]],"relax":[["t9","t14"]],"pose":0,"relative":0,"periodic":0},{"controller":"Head1","type":"Head_Shake_2","pre":[],"stroke":[["t0","t7"]],"relax":[],"pose":0,"relative":1,"periodic":1},{"controller":"Head1","type":"Head_TiltL_2","pre":[],"stroke":[["t8","t11"],["t11","t14"]],"relax":[],"pose":0,"relative":1,"periodic":1}],"gesture_schedule":[{"controller":"Base","type":"Base_Basepose_1_1","pose":1,"relative":0,"periodic":0,"phase":"pre","start":6,"duration":871},{"controller":"FullBody1","type":"UpperBody_TwistL_2","pose":0,"relative":1,"periodic":0,"phase":"stroke","start":6,"duration":718},{"controller":"FullBody1","type":"UpperBody_TwistL_2","pose":0,"relative":1,"periodic":0,"phase":"relax","start":724,"duration":929},{"controller":"BothArm1","type":"Hand_BothUp_Make_2_3_3_2","pose":0,"relative":0,"periodic":0,"phase":"pre","start":6,"duration":452},{"controller":"BothArm1","type":"Hand_BothUp_Make_2_3_3_2","pose":0,"relative":0,"periodic":0,"phase":"stroke","start":458,"duration":727},{"controller":"BothArm1","type":"Hand_BothUp_Make_2_3_3_2","pose":0,"relative":0,"periodic":0,"phase":"relax","start":1185,"duration":782},{"controller":"Head1","type":"Head_Shake_2","pose":0,"relative":1,"periodic":1,"phase":"stroke","start":6,"duration":871},{"controller":"Head1","type":"Head_TiltL_2","pose":0,"relative":1,"periodic":1,"phase":"stroke","start":1030,"duration":467},{"controller":"Head1","type":"Head_TiltL_2","pose":0,"relative":1,"periodic":1,"phase":"stroke","start":1497,"duration":470}],"face":[{"controller":"Face","type":"Hopeful","relax":[["t2","t5"]],"stroke":[["t0","t2"]]},{"controller":"Face","type":"Hopeful","relax":[["t11","t14"]],"stroke":[["t8","t11"]]}],"face_schedule":[{"controller":"Face","type":"Hopeful","duration":226,"phase":"stroke","start":6},{"controller":"Face","type":"Hopeful","duration":339,"phase":"relax","start":232},{"controller":"Face","type":"Hopeful","duration":467,"phase":"stroke","start":1030},{"controller":"Face","type":"Hopeful","duration":470,"phase":"relax","start":1497}],"command":[],"command_schedule":[],"ui":[],"SpecialCommands":null,"audio_id":"digital-twin-1-14","audio_schedule":[{"type":"start","time":0},{"type":"stop","time":2037}],"ui_schedule":[],"duration":2037,"name":"action","sound_schedule":[],"Description":"","Date":"2019.09.16-12.32.49","sound":[]}}