{"Script":{"line":"이천이십오년 저 아이리와 함께","line_timestamp":"이천이십오년 저 아이리와 함께","gesture":[{"controller":"Base","type":"Base_Basepose_1_1","pre":[["t0","t7"]],"stroke":[],"relax":[],"pose":1,"relative":0,"periodic":0},{"controller":"FullBody1","type":"UpperBody_LeanBack_2","pre":[],"stroke":[["t6","t11"]],"relax":[["t11","t15"]],"pose":0,"relative":1,"periodic":0},{"controller":"BothArm1","type":"Hand_BothUp_Welcome_1","pre":[["t0","t2"]],"stroke":[["t2","t5"],["t5","t8"]],"relax":[],"pose":0,"relative":0,"periodic":0},{"controller":"BothArm1","type":"Hand_BothUp_Welcome_1","pre":[],"stroke":[],"relax":[["t13","t16"]],"pose":0,"relative":0,"periodic":0},{"controller":"BothArm2","type":"Point_Who_BothArm_Me","pre":[["t5","t8"]],"stroke":[["t8","t13"]],"relax":[["t13","t16"]],"pose":0,"relative":0,"periodic":0},{"controller":"Head1","type":"Head_TiltR_2","pre":[],"stroke":[["t7","t11"],["t11","t15"]],"relax":[],"pose":0,"relative":1,"periodic":1}],"gesture_schedule":[{"controller":"Base","type":"Base_Basepose_1_1","pose":1,"relative":0,"periodic":0,"phase":"pre","start":6,"duration":896},{"controller":"FullBody1","type":"UpperBody_LeanBack_2","pose":0,"relative":1,"periodic":0,"phase":"stroke","start":774,"duration":527},{"controller":"FullBody1","type":"UpperBody_LeanBack_2","pose":0,"relative":1,"periodic":0,"phase":"relax","start":1301,"duration":546},{"controller":"BothArm1","type":"Hand_BothUp_Welcome_1","pose":0,"relative":0,"periodic":0,"phase":"pre","start":6,"duration":256},{"controller":"BothArm1","type":"Hand_BothUp_Welcome_1","pose":0,"relative":0,"periodic":0,"phase":"stroke","start":262,"duration":384},{"controller":"BothArm1","type":"Hand_BothUp_Welcome_1","pose":0,"relative":0,"periodic":0,"phase":"stroke","start":646,"duration":369},{"controller":"BothArm1","type":"Hand_BothUp_Welcome_1","pose":0,"relative":0,"periodic":0,"phase":"relax","start":1473,"duration":662},{"controller":"BothArm2","type":"Point_Who_BothArm_Me","pose":0,"relative":0,"periodic":0,"phase":"pre","start":646,"duration":369},{"controller":"BothArm2","type":"Point_Who_BothArm_Me","pose":0,"relative":0,"periodic":0,"phase":"stroke","start":1015,"duration":458},{"controller":"BothArm2","type":"Point_Who_BothArm_Me","pose":0,"relative":0,"periodic":0,"phase":"relax","start":1473,"duration":662},{"controller":"Head1","type":"Head_TiltR_2","pose":0,"relative":1,"periodic":1,"phase":"stroke","start":902,"duration":399},{"controller":"Head1","type":"Head_TiltR_2","pose":0,"relative":1,"periodic":1,"phase":"stroke","start":1301,"duration":546}],"face":[{"controller":"Face","type":"Hopeful","relax":[["t2","t4"]],"stroke":[["t0","t2"]]},{"controller":"Face","type":"Hopeful","relax":[["t11","t13"]],"stroke":[["t9","t11"]]}],"face_schedule":[{"controller":"Face","type":"Hopeful","duration":256,"phase":"stroke","start":6},{"controller":"Face","type":"Hopeful","duration":256,"phase":"relax","start":262},{"controller":"Face","type":"Hopeful","duration":172,"phase":"stroke","start":1129},{"controller":"Face","type":"Hopeful","duration":172,"phase":"relax","start":1301}],"command":[],"command_schedule":[],"ui":[],"SpecialCommands":null,"audio_id":"digital-twin-1-13","audio_schedule":[{"type":"start","time":0},{"type":"stop","time":2220}],"ui_schedule":[],"duration":2220,"name":"action","sound_schedule":[],"Description":"","Date":"2019.09.16-12.32.49","sound":[]}}