{"Script":{"line":"다시 뵙게 되길 기대합니다","line_timestamp":"다시 뵙게 되길 기대합니다*700","gesture":[{"controller":"Base","type":"Base_Basepose_1_1","pre":[["t0","t7"]],"stroke":[],"relax":[],"pose":1,"relative":0,"periodic":0},{"controller":"FullBody1","type":"UpperBody_BowPush_2","pre":[],"stroke":[["t3","t8"]],"relax":[["t8","t13"]],"pose":0,"relative":1,"periodic":0},{"controller":"BothArm1","type":"Point_Who_BothArm_You_1","pre":[["t0","t4"]],"stroke":[["t4","t8"]],"relax":[["t8","t13"]],"pose":0,"relative":0,"periodic":0},{"controller":"Head1","type":"Head_TiltL_2","pre":[],"stroke":[["t9","t12"]],"relax":[["t12","t14"]],"pose":0,"relative":1,"periodic":1}],"gesture_schedule":[{"controller":"Base","type":"Base_Basepose_1_1","pose":1,"relative":0,"periodic":0,"phase":"pre","start":6,"duration":826},{"controller":"FullBody1","type":"UpperBody_BowPush_2","pose":0,"relative":1,"periodic":0,"phase":"stroke","start":329,"duration":605},{"controller":"FullBody1","type":"UpperBody_BowPush_2","pose":0,"relative":1,"periodic":0,"phase":"relax","start":934,"duration":787},{"controller":"BothArm1","type":"Point_Who_BothArm_You_1","pose":0,"relative":0,"periodic":0,"phase":"pre","start":6,"duration":456},{"controller":"BothArm1","type":"Point_Who_BothArm_You_1","pose":0,"relative":0,"periodic":0,"phase":"stroke","start":462,"duration":472},{"controller":"BothArm1","type":"Point_Who_BothArm_You_1","pose":0,"relative":0,"periodic":0,"phase":"relax","start":934,"duration":787},{"controller":"Head1","type":"Head_TiltL_2","pose":0,"relative":1,"periodic":1,"phase":"stroke","start":1037,"duration":513},{"controller":"Head1","type":"Head_TiltL_2","pose":0,"relative":1,"periodic":1,"phase":"relax","start":1550,"duration":344}],"face":[{"controller":"Face","type":"Hopeful","relax":[["t2","t4"]],"stroke":[["t0","t2"]]},{"controller":"Face","type":"Amused","relax":[["t12","t14"]],"stroke":[["t8","t12"]]}],"face_schedule":[{"controller":"Face","type":"Hopeful","duration":214,"phase":"stroke","start":6},{"controller":"Face","type":"Hopeful","duration":242,"phase":"relax","start":220},{"controller":"Face","type":"Amused","duration":616,"phase":"stroke","start":934},{"controller":"Face","type":"Amused","duration":344,"phase":"relax","start":1550}],"command":[],"command_schedule":[],"ui":[],"SpecialCommands":null,"audio_id":"digital-twin-1-15","audio_schedule":[{"type":"start","time":0},{"type":"stop","time":1959}],"ui_schedule":[],"duration":2659,"name":"action","sound_schedule":[],"Description":"","Date":"2019.09.16-12.32.49","sound":[]}}