{"Script":{"line":"입구로 들어가셔서 왼쪽으로 가시면","line_timestamp":"입구로 들어가셔서 왼쪽으로 가시면","gesture":[{"controller":"Base","type":"Base_Basepose_1_1","pre":[["t0","t6"]],"stroke":[],"relax":[],"pose":1,"relative":0,"periodic":0},{"controller":"FullBody1","type":"UpperBody_TwistL_2","pre":[],"stroke":[["t8","t14"]],"relax":[["t14","t18"]],"pose":0,"relative":1,"periodic":0},{"controller":"LArm1","type":"Hand_Up_Make_2_4_2_2","pre":[["t6","t9"]],"stroke":[["t9","t14"]],"relax":[["t14","t18"]],"pose":0,"relative":0,"periodic":0},{"controller":"Head1","type":"Head_NodDown_2","pre":[],"stroke":[["t0","t5"],["t5","t11"]],"relax":[],"pose":0,"relative":1,"periodic":1}],"gesture_schedule":[{"controller":"Base","type":"Base_Basepose_1_1","pose":1,"relative":0,"periodic":0,"phase":"pre","start":6,"duration":583},{"controller":"FullBody1","type":"UpperBody_TwistL_2","pose":0,"relative":1,"periodic":0,"phase":"stroke","start":811,"duration":667},{"controller":"FullBody1","type":"UpperBody_TwistL_2","pose":0,"relative":1,"periodic":0,"phase":"relax","start":1478,"duration":798},{"controller":"LArm1","type":"Hand_Up_Make_2_4_2_2","pose":0,"relative":0,"periodic":0,"phase":"pre","start":589,"duration":333},{"controller":"LArm1","type":"Hand_Up_Make_2_4_2_2","pose":0,"relative":0,"periodic":0,"phase":"stroke","start":922,"duration":556},{"controller":"LArm1","type":"Hand_Up_Make_2_4_2_2","pose":0,"relative":0,"periodic":0,"phase":"relax","start":1478,"duration":798},{"controller":"Head1","type":"Head_NodDown_2","pose":0,"relative":1,"periodic":1,"phase":"stroke","start":6,"duration":472},{"controller":"Head1","type":"Head_NodDown_2","pose":0,"relative":1,"periodic":1,"phase":"stroke","start":478,"duration":670}],"face":[{"controller":"Face","type":"Smile","relax":[],"stroke":[["t0","t2"]]},{"controller":"Face","type":"Smile","relax":[["t16","t18"]],"stroke":[]}],"face_schedule":[{"controller":"Face","type":"Smile","duration":180,"phase":"stroke","start":6},{"controller":"Face","type":"Smile","duration":458,"phase":"relax","start":1818}],"command":[],"command_schedule":[],"ui":[],"SpecialCommands":null,"audio_id":"digital-twin-1-01","audio_schedule":[{"type":"start","time":0},{"type":"stop","time":2351}],"ui_schedule":[],"duration":2351,"name":"action","sound_schedule":[],"Description":"","Date":"2019.09.16-12.30.49","sound":[]}}