{"ID":"0","Script":{"line":"디지털 갤러리에서 여러분의 작품을 전시할 수 있습니다","line_timestamp":"디지털 갤러리에서 여러분의 작품을 전시할 수 있습니다","gesture":null,"command_schedule":null,"face":null,"gesture_schedule":null,"blink":null,"face_schedule":null,"command":null,"blink_schedule":null,"ui":null,"SpecialCommands":null,"audio_id":"digital-gallery-1-04","audio_schedule":[{"type":"start","time":0},{"type":"stop","time":3604}],"panel_schedule":null,"duration":3604,"name":"action","Flag":null,"NonTextTimestamp":null,"Description":"","Date":""}}