{"ID":"0","Script":{"line":"스마트 구로 홍보관은 구로 구민과 작가 그리고 학생들에게 개방된 곳으로","line_timestamp":"스마트 구로 홍보관은 구로 구민과 작가 그리고 학생들에게 개방된 곳으로","gesture":null,"command_schedule":null,"face":null,"gesture_schedule":null,"blink":null,"face_schedule":null,"command":null,"blink_schedule":null,"ui":null,"SpecialCommands":null,"audio_id":"digital-gallery-1-01","audio_schedule":[{"type":"start","time":0},{"type":"stop","time":5120}],"panel_schedule":null,"duration":5120,"name":"action","Flag":null,"NonTextTimestamp":null,"Description":"","Date":""}}