{"Script":{"line":"구로의 오늘과 내일을 확인하실 수 있습니다","line_timestamp":"구로의 오늘과 내일을 확인하실 수 있습니다*700","gesture":[{"controller":"Base","type":"Base_Basepose_1_1","pre":[["t0","t6"]],"stroke":[],"relax":[],"pose":1,"relative":0,"periodic":0},{"controller":"RArm1","type":"Hand_Fist_Make_4_3","pre":[["t0","t4"]],"stroke":[["t4","t7"]],"relax":[],"pose":0,"relative":0,"periodic":0},{"controller":"RArm1","type":"Hand_Fist_Make_4_3","pre":[],"stroke":[],"relax":[["t18","t22"]],"pose":0,"relative":0,"periodic":0},{"controller":"RArm2","type":"Hand_Fist_Make_4_3","pre":[["t10","t13"]],"stroke":[["t13","t18"]],"relax":[["t18","t22"]],"pose":0,"relative":0,"periodic":0},{"controller":"LArm1","type":"Hand_Fist_Make_4_3","pre":[["t3","t7"]],"stroke":[["t7","t10"]],"relax":[],"pose":0,"relative":0,"periodic":0},{"controller":"LArm1","type":"Hand_Fist_Make_4_3","pre":[],"stroke":[],"relax":[["t18","t22"]],"pose":0,"relative":0,"periodic":0},{"controller":"LArm2","type":"Hand_Fist_Make_4_3","pre":[["t10","t13"]],"stroke":[["t13","t18"]],"relax":[["t18","t22"]],"pose":0,"relative":0,"periodic":0},{"controller":"RHand1","type":"Rhand_Cup_MakePose_1_1","pre":[["t0","t4"]],"stroke":[["t4","t10"]],"relax":[["t10","t12"]],"pose":1,"relative":0,"periodic":0},{"controller":"LHand1","type":"Rhand_Hand_MakePose_1_1","pre":[["t0","t4"]],"stroke":[["t4","t10"]],"relax":[["t10","t12"]],"pose":1,"relative":0,"periodic":0},{"controller":"Head1","type":"Head_NodDown_3","pre":[],"stroke":[["t0","t3"],["t3","t6"]],"relax":[],"pose":0,"relative":1,"periodic":1},{"controller":"Head1","type":"Head_NodDown_5","pre":[],"stroke":[["t11","t14"],["t14","t17"]],"relax":[],"pose":0,"relative":1,"periodic":1}],"gesture_schedule":[{"controller":"Base","type":"Base_Basepose_1_1","pose":1,"relative":0,"periodic":0,"phase":"pre","start":6,"duration":547},{"controller":"RArm1","type":"Hand_Fist_Make_4_3","pose":0,"relative":0,"periodic":0,"phase":"pre","start":6,"duration":327},{"controller":"RArm1","type":"Hand_Fist_Make_4_3","pose":0,"relative":0,"periodic":0,"phase":"stroke","start":333,"duration":330},{"controller":"RArm1","type":"Hand_Fist_Make_4_3","pose":0,"relative":0,"periodic":0,"phase":"relax","start":1782,"duration":679},{"controller":"RArm2","type":"Hand_Fist_Make_4_3","pose":0,"relative":0,"periodic":0,"phase":"pre","start":961,"duration":296},{"controller":"RArm2","type":"Hand_Fist_Make_4_3","pose":0,"relative":0,"periodic":0,"phase":"stroke","start":1257,"duration":525},{"controller":"RArm2","type":"Hand_Fist_Make_4_3","pose":0,"relative":0,"periodic":0,"phase":"relax","start":1782,"duration":679},{"controller":"LArm1","type":"Hand_Fist_Make_4_3","pose":0,"relative":0,"periodic":0,"phase":"pre","start":249,"duration":414},{"controller":"LArm1","type":"Hand_Fist_Make_4_3","pose":0,"relative":0,"periodic":0,"phase":"stroke","start":663,"duration":298},{"controller":"LArm1","type":"Hand_Fist_Make_4_3","pose":0,"relative":0,"periodic":0,"phase":"relax","start":1782,"duration":679},{"controller":"LArm2","type":"Hand_Fist_Make_4_3","pose":0,"relative":0,"periodic":0,"phase":"pre","start":961,"duration":296},{"controller":"LArm2","type":"Hand_Fist_Make_4_3","pose":0,"relative":0,"periodic":0,"phase":"stroke","start":1257,"duration":525},{"controller":"LArm2","type":"Hand_Fist_Make_4_3","pose":0,"relative":0,"periodic":0,"phase":"relax","start":1782,"duration":679},{"controller":"RHand1","type":"Rhand_Cup_MakePose_1_1","pose":1,"relative":0,"periodic":0,"phase":"pre","start":6,"duration":327},{"controller":"RHand1","type":"Rhand_Cup_MakePose_1_1","pose":1,"relative":0,"periodic":0,"phase":"stroke","start":333,"duration":628},{"controller":"RHand1","type":"Rhand_Cup_MakePose_1_1","pose":1,"relative":0,"periodic":0,"phase":"relax","start":961,"duration":186},{"controller":"LHand1","type":"Rhand_Hand_MakePose_1_1","pose":1,"relative":0,"periodic":0,"phase":"pre","start":6,"duration":327},{"controller":"LHand1","type":"Rhand_Hand_MakePose_1_1","pose":1,"relative":0,"periodic":0,"phase":"stroke","start":333,"duration":628},{"controller":"LHand1","type":"Rhand_Hand_MakePose_1_1","pose":1,"relative":0,"periodic":0,"phase":"relax","start":961,"duration":186},{"controller":"Head1","type":"Head_NodDown_3","pose":0,"relative":1,"periodic":1,"phase":"stroke","start":6,"duration":243},{"controller":"Head1","type":"Head_NodDown_3","pose":0,"relative":1,"periodic":1,"phase":"stroke","start":249,"duration":304},{"controller":"Head1","type":"Head_NodDown_5","pose":0,"relative":1,"periodic":1,"phase":"stroke","start":1054,"duration":313},{"controller":"Head1","type":"Head_NodDown_5","pose":0,"relative":1,"periodic":1,"phase":"stroke","start":1367,"duration":333}],"face":[{"controller":"Face","type":"Hopeful","relax":[["t4","t7"]],"stroke":[["t1","t4"]]},{"controller":"Face","type":"Hopeful","relax":[["t20","t23"]],"stroke":[["t17","t20"]]}],"face_schedule":[{"controller":"Face","type":"Hopeful","duration":246,"phase":"stroke","start":87},{"controller":"Face","type":"Hopeful","duration":330,"phase":"relax","start":333},{"controller":"Face","type":"Hopeful","duration":363,"phase":"stroke","start":1700},{"controller":"Face","type":"Hopeful","duration":600,"phase":"relax","start":2063}],"command":[],"command_schedule":[],"ui":[],"SpecialCommands":null,"audio_id":"digital-twin-1-12","audio_schedule":[{"type":"start","time":0},{"type":"stop","time":2742}],"ui_schedule":[],"duration":3442,"name":"action","sound_schedule":[],"Description":"","Date":"2019.09.16-12.32.49","sound":[]}}