{"Script":{"line":"구민 상황실이 오늘의 구로 데이터 지도라면","line_timestamp":"구민 상황실이 오늘의 구로 데이터 지도라면","gesture":[{"controller":"Base","type":"Base_Basepose_1_1","pre":[["t0","t6"]],"stroke":[],"relax":[],"pose":1,"relative":0,"periodic":0},{"controller":"FullBody1","type":"UpperBody_TwistL_2","pre":[],"stroke":[["t0","t5"]],"relax":[["t5","t11"]],"pose":0,"relative":1,"periodic":0},{"controller":"FullBody1","type":"UpperBody_Push_1","pre":[],"stroke":[["t14","t18"]],"relax":[["t18","t22"]],"pose":0,"relative":1,"periodic":0},{"controller":"RArm1","type":"Hand_Up_Make_2_3_2_2","pre":[["t0","t3"]],"stroke":[["t3","t7"]],"relax":[["t7","t11"]],"pose":0,"relative":0,"periodic":0},{"controller":"LArm1","type":"Hand_Up_RDown_2_3_2_2","pre":[["t9","t13"]],"stroke":[["t13","t19"]],"relax":[["t19","t23"]],"pose":0,"relative":0,"periodic":0},{"controller":"Head1","type":"Head_NodDown_3","pre":[],"stroke":[["t14","t17"],["t17","t20"]],"relax":[],"pose":0,"relative":1,"periodic":1}],"gesture_schedule":[{"controller":"Base","type":"Base_Basepose_1_1","pose":1,"relative":0,"periodic":0,"phase":"pre","start":6,"duration":628},{"controller":"FullBody1","type":"UpperBody_TwistL_2","pose":0,"relative":1,"periodic":0,"phase":"stroke","start":6,"duration":520},{"controller":"FullBody1","type":"UpperBody_TwistL_2","pose":0,"relative":1,"periodic":0,"phase":"relax","start":526,"duration":651},{"controller":"FullBody1","type":"UpperBody_Push_1","pose":0,"relative":1,"periodic":0,"phase":"stroke","start":1495,"duration":413},{"controller":"FullBody1","type":"UpperBody_Push_1","pose":0,"relative":1,"periodic":0,"phase":"relax","start":1908,"duration":681},{"controller":"RArm1","type":"Hand_Up_Make_2_3_2_2","pose":0,"relative":0,"periodic":0,"phase":"pre","start":6,"duration":304},{"controller":"RArm1","type":"Hand_Up_Make_2_3_2_2","pose":0,"relative":0,"periodic":0,"phase":"stroke","start":310,"duration":432},{"controller":"RArm1","type":"Hand_Up_Make_2_3_2_2","pose":0,"relative":0,"periodic":0,"phase":"relax","start":742,"duration":435},{"controller":"LArm1","type":"Hand_Up_RDown_2_3_2_2","pose":0,"relative":0,"periodic":0,"phase":"pre","start":959,"duration":432},{"controller":"LArm1","type":"Hand_Up_RDown_2_3_2_2","pose":0,"relative":0,"periodic":0,"phase":"stroke","start":1391,"duration":622},{"controller":"LArm1","type":"Hand_Up_RDown_2_3_2_2","pose":0,"relative":0,"periodic":0,"phase":"relax","start":2013,"duration":769},{"controller":"Head1","type":"Head_NodDown_3","pose":0,"relative":1,"periodic":1,"phase":"stroke","start":1495,"duration":310},{"controller":"Head1","type":"Head_NodDown_3","pose":0,"relative":1,"periodic":1,"phase":"stroke","start":1805,"duration":400}],"face":[{"controller":"Face","type":"Tender","relax":[["t2","t5"]],"stroke":[["t0","t2"]]},{"controller":"Face","type":"Pleased","relax":[["t17","t20"]],"stroke":[["t14","t17"]]}],"face_schedule":[{"controller":"Face","type":"Tender","duration":202,"phase":"stroke","start":6},{"controller":"Face","type":"Tender","duration":318,"phase":"relax","start":208},{"controller":"Face","type":"Pleased","duration":310,"phase":"stroke","start":1495},{"controller":"Face","type":"Pleased","duration":400,"phase":"relax","start":1805}],"command":[],"command_schedule":[],"ui":[],"SpecialCommands":null,"audio_id":"digital-twin-1-09","audio_schedule":[{"type":"start","time":0},{"type":"stop","time":2847}],"ui_schedule":[],"duration":2847,"name":"action","sound_schedule":[],"Description":"","Date":"2019.09.16-12.32.49","sound":[]}}