{"ID":"0","Script":{"line":"스마트 구로 홍보관 앱을 통해 신청을 하시면","line_timestamp":"스마트 구로 홍보관 앱을 통해 신청을 하시면","gesture":null,"command_schedule":null,"face":null,"gesture_schedule":null,"blink":null,"face_schedule":null,"command":null,"blink_schedule":null,"ui":null,"SpecialCommands":null,"audio_id":"digital-gallery-1-03","audio_schedule":[{"type":"start","time":0},{"type":"stop","time":2951}],"panel_schedule":null,"duration":2951,"name":"action","Flag":null,"NonTextTimestamp":null,"Description":"","Date":""}}