{"Script":{"line":"디지털 트윈은 구로의 주요 건물을 미니어처로 표현하고","line_timestamp":"*300디지털 트윈은 구로의 주요 건물을 미니어처로 표현하고*500","gesture":[{"controller":"Base","type":"Base_Basepose_1_1","pre":[["t0","t5"]],"stroke":[],"relax":[],"pose":1,"relative":0,"periodic":0},{"controller":"BothArm1","type":"Object_Shape_Cylinder_3","pre":[["t9","t12"]],"stroke":[["t12","t17"]],"relax":[],"pose":0,"relative":0,"periodic":0},{"controller":"BothArm1","type":"Object_Shape_Cylinder_3","pre":[],"stroke":[],"relax":[["t25","t28"]],"pose":0,"relative":0,"periodic":0},{"controller":"BothArm2","type":"Object_Shape_Cylinder_2","pre":[["t17","t20"]],"stroke":[["t20","t25"]],"relax":[["t25","t29"]],"pose":0,"relative":0,"periodic":0},{"controller":"RArm1","type":"Number_Number_1","pre":[["t0","t1"]],"stroke":[["t1","t4"]],"relax":[["t4","t10"]],"pose":0,"relative":0,"periodic":0},{"controller":"LArm1","type":"Number_Number_1","pre":[["t0","t1"]],"stroke":[["t1","t4"]],"relax":[["t4","t10"]],"pose":0,"relative":0,"periodic":0},{"controller":"Head1","type":"Head_NodDown_3","pre":[],"stroke":[["t18","t21"],["t21","t24"]],"relax":[],"pose":0,"relative":1,"periodic":1},{"controller":"Head1","type":"Head_TiltR_2","pre":[],"stroke":[["t1","t4"],["t4","t7"]],"relax":[],"pose":0,"relative":1,"periodic":1}],"gesture_schedule":[{"controller":"Base","type":"Base_Basepose_1_1","pose":1,"relative":0,"periodic":0,"phase":"pre","start":0,"duration":753},{"controller":"BothArm1","type":"Object_Shape_Cylinder_3","pose":0,"relative":0,"periodic":0,"phase":"pre","start":1208,"duration":312},{"controller":"BothArm1","type":"Object_Shape_Cylinder_3","pose":0,"relative":0,"periodic":0,"phase":"stroke","start":1520,"duration":565},{"controller":"BothArm1","type":"Object_Shape_Cylinder_3","pose":0,"relative":0,"periodic":0,"phase":"relax","start":3055,"duration":546},{"controller":"BothArm2","type":"Object_Shape_Cylinder_2","pose":0,"relative":0,"periodic":0,"phase":"pre","start":2085,"duration":410},{"controller":"BothArm2","type":"Object_Shape_Cylinder_2","pose":0,"relative":0,"periodic":0,"phase":"stroke","start":2495,"duration":560},{"controller":"BothArm2","type":"Object_Shape_Cylinder_2","pose":0,"relative":0,"periodic":0,"phase":"relax","start":3055,"duration":761},{"controller":"RArm1","type":"Number_Number_1","pose":0,"relative":0,"periodic":0,"phase":"pre","start":0,"duration":306},{"controller":"RArm1","type":"Number_Number_1","pose":0,"relative":0,"periodic":0,"phase":"stroke","start":306,"duration":333},{"controller":"RArm1","type":"Number_Number_1","pose":0,"relative":0,"periodic":0,"phase":"relax","start":639,"duration":673},{"controller":"LArm1","type":"Number_Number_1","pose":0,"relative":0,"periodic":0,"phase":"pre","start":0,"duration":306},{"controller":"LArm1","type":"Number_Number_1","pose":0,"relative":0,"periodic":0,"phase":"stroke","start":306,"duration":333},{"controller":"LArm1","type":"Number_Number_1","pose":0,"relative":0,"periodic":0,"phase":"relax","start":639,"duration":673},{"controller":"Head1","type":"Head_NodDown_3","pose":0,"relative":1,"periodic":1,"phase":"stroke","start":2221,"duration":386},{"controller":"Head1","type":"Head_NodDown_3","pose":0,"relative":1,"periodic":1,"phase":"stroke","start":2607,"duration":336},{"controller":"Head1","type":"Head_TiltR_2","pose":0,"relative":1,"periodic":1,"phase":"stroke","start":306,"duration":333},{"controller":"Head1","type":"Head_TiltR_2","pose":0,"relative":1,"periodic":1,"phase":"stroke","start":639,"duration":340}],"face":[{"controller":"Face","type":"Hopeful","relax":[["t3","t6"]],"stroke":[["t1","t3"]]},{"controller":"Face","type":"Hopeful","relax":[["t21","t24"]],"stroke":[["t18","t21"]]}],"face_schedule":[{"controller":"Face","type":"Hopeful","duration":222,"phase":"stroke","start":306},{"controller":"Face","type":"Hopeful","duration":338,"phase":"relax","start":528},{"controller":"Face","type":"Hopeful","duration":386,"phase":"stroke","start":2221},{"controller":"Face","type":"Hopeful","duration":336,"phase":"relax","start":2607}],"command":[],"command_schedule":[],"ui":[],"SpecialCommands":null,"audio_id":"digital-twin-1-06","audio_schedule":[{"type":"start","time":300},{"type":"stop","time":4113}],"ui_schedule":[],"duration":4613,"name":"action","sound_schedule":[],"Description":"","Date":"2019.09.16-12.32.49","sound":[]}}