{"Script":{"line":"미래의 스마트 구로 모습을","line_timestamp":"미래의 스마트 구로 모습을","gesture":[{"controller":"Base","type":"Base_Basepose_1_1","pre":[["t0","t6"]],"stroke":[],"relax":[],"pose":1,"relative":0,"periodic":0},{"controller":"BothArm1","type":"Point_Who_BothArm_Yous_1","pre":[["t0","t4"]],"stroke":[["t4","t10"]],"relax":[["t10","t14"]],"pose":0,"relative":0,"periodic":0},{"controller":"Head1","type":"Head_NodDown_3","pre":[["t0","t3"]],"stroke":[["t3","t6"]],"relax":[["t6","t9"]],"pose":0,"relative":1,"periodic":1}],"gesture_schedule":[{"controller":"Base","type":"Base_Basepose_1_1","pose":1,"relative":0,"periodic":0,"phase":"pre","start":6,"duration":583},{"controller":"BothArm1","type":"Point_Who_BothArm_Yous_1","pose":0,"relative":0,"periodic":0,"phase":"pre","start":6,"duration":379},{"controller":"BothArm1","type":"Point_Who_BothArm_Yous_1","pose":0,"relative":0,"periodic":0,"phase":"stroke","start":385,"duration":603},{"controller":"BothArm1","type":"Point_Who_BothArm_Yous_1","pose":0,"relative":0,"periodic":0,"phase":"relax","start":988,"duration":689},{"controller":"Head1","type":"Head_NodDown_3","pose":0,"relative":1,"periodic":1,"phase":"pre","start":6,"duration":282},{"controller":"Head1","type":"Head_NodDown_3","pose":0,"relative":1,"periodic":1,"phase":"stroke","start":288,"duration":301},{"controller":"Head1","type":"Head_NodDown_3","pose":0,"relative":1,"periodic":1,"phase":"relax","start":589,"duration":303}],"face":[{"controller":"Face","type":"Hopeful","relax":[["t10","t13"]],"stroke":[["t7","t10"]]}],"face_schedule":[{"controller":"Face","type":"Hopeful","duration":297,"phase":"stroke","start":691},{"controller":"Face","type":"Hopeful","duration":492,"phase":"relax","start":988}],"command":[],"command_schedule":[],"ui":[],"SpecialCommands":null,"audio_id":"digital-twin-1-04","audio_schedule":[{"type":"start","time":0},{"type":"stop","time":1750}],"ui_schedule":[],"duration":1750,"name":"action","sound_schedule":[],"Description":"","Date":"2019.09.16-12.32.49","sound":[]}}