{"Script":{"line":"그것이 디지털 트윈 서비스 입니다","line_timestamp":"그것이 디지털 트윈 서비스 입니다*500","gesture":[{"controller":"Base","type":"Base_Basepose_1_1","pre":[["t0","t6"]],"stroke":[],"relax":[],"pose":1,"relative":0,"periodic":0},{"controller":"FullBody1","type":"UpperBody_Push_1","pre":[["t1","t5"]],"stroke":[["t5","t12"]],"relax":[["t12","t16"]],"pose":0,"relative":1,"periodic":0},{"controller":"RArm1","type":"Number_Number_1","pre":[["t1","t5"]],"stroke":[["t5","t12"]],"relax":[["t12","t16"]],"pose":0,"relative":0,"periodic":0},{"controller":"LArm1","type":"Number_Number_1","pre":[["t1","t5"]],"stroke":[["t5","t12"]],"relax":[["t12","t16"]],"pose":0,"relative":0,"periodic":0}],"gesture_schedule":[{"controller":"Base","type":"Base_Basepose_1_1","pose":1,"relative":0,"periodic":0,"phase":"pre","start":6,"duration":646},{"controller":"FullBody1","type":"UpperBody_Push_1","pose":0,"relative":1,"periodic":0,"phase":"pre","start":113,"duration":430},{"controller":"FullBody1","type":"UpperBody_Push_1","pose":0,"relative":1,"periodic":0,"phase":"stroke","start":543,"duration":796},{"controller":"FullBody1","type":"UpperBody_Push_1","pose":0,"relative":1,"periodic":0,"phase":"relax","start":1339,"duration":608},{"controller":"RArm1","type":"Number_Number_1","pose":0,"relative":0,"periodic":0,"phase":"pre","start":113,"duration":430},{"controller":"RArm1","type":"Number_Number_1","pose":0,"relative":0,"periodic":0,"phase":"stroke","start":543,"duration":796},{"controller":"RArm1","type":"Number_Number_1","pose":0,"relative":0,"periodic":0,"phase":"relax","start":1339,"duration":608},{"controller":"LArm1","type":"Number_Number_1","pose":0,"relative":0,"periodic":0,"phase":"pre","start":113,"duration":430},{"controller":"LArm1","type":"Number_Number_1","pose":0,"relative":0,"periodic":0,"phase":"stroke","start":543,"duration":796},{"controller":"LArm1","type":"Number_Number_1","pose":0,"relative":0,"periodic":0,"phase":"relax","start":1339,"duration":608}],"face":[{"controller":"Face","type":"Hopeful","relax":[],"stroke":[["t3","t6"]]},{"controller":"Face","type":"Hopeful","relax":[["t7","t11"]],"stroke":[]}],"face_schedule":[{"controller":"Face","type":"Hopeful","duration":325,"phase":"stroke","start":327},{"controller":"Face","type":"Hopeful","duration":426,"phase":"relax","start":761}],"command":[],"command_schedule":[],"ui":[],"SpecialCommands":null,"audio_id":"digital-twin-1-03","audio_schedule":[{"type":"start","time":0},{"type":"stop","time":2324}],"ui_schedule":[],"duration":2824,"name":"action","sound_schedule":[],"Description":"","Date":"2019.09.16-12.32.49","sound":[]}}