{"Script":{"line":"미니어처 테이블을 보실 수 있습니다","line_timestamp":"미니어처 테이블을 보실 수 있습니다*500","gesture":[{"controller":"Base","type":"Base_Basepose_1_1","pre":[["t0","t6"]],"stroke":[],"relax":[],"pose":1,"relative":0,"periodic":0},{"controller":"FullBody1","type":"UpperBody_Push_2","pre":[["t0","t2"]],"stroke":[["t2","t5"]],"relax":[["t5","t9"]],"pose":0,"relative":1,"periodic":0},{"controller":"BothArm1","type":"Hand_BothUp_Make_2_3_2_2","pre":[["t7","t9"]],"stroke":[],"relax":[],"pose":0,"relative":0,"periodic":0},{"controller":"BothArm1","type":"Hand_BothUp_Make_2_3_2_2","pre":[],"stroke":[["t10","t14"]],"relax":[["t14","t18"]],"pose":0,"relative":0,"periodic":0},{"controller":"RArm1","type":"Hand_Up_Make_2_4_3_2","pre":[["t0","t2"]],"stroke":[["t2","t5"]],"relax":[["t5","t9"]],"pose":0,"relative":0,"periodic":0},{"controller":"Head1","type":"Head_NodDown_3","pre":[["t6","t8"]],"stroke":[["t8","t11"],["t11","t13"]],"relax":[["t13","t15"]],"pose":0,"relative":1,"periodic":1}],"gesture_schedule":[{"controller":"Base","type":"Base_Basepose_1_1","pose":1,"relative":0,"periodic":0,"phase":"pre","start":6,"duration":644},{"controller":"FullBody1","type":"UpperBody_Push_2","pose":0,"relative":1,"periodic":0,"phase":"pre","start":6,"duration":218},{"controller":"FullBody1","type":"UpperBody_Push_2","pose":0,"relative":1,"periodic":0,"phase":"stroke","start":224,"duration":327},{"controller":"FullBody1","type":"UpperBody_Push_2","pose":0,"relative":1,"periodic":0,"phase":"relax","start":551,"duration":396},{"controller":"BothArm1","type":"Hand_BothUp_Make_2_3_2_2","pose":0,"relative":0,"periodic":0,"phase":"pre","start":749,"duration":198},{"controller":"BothArm1","type":"Hand_BothUp_Make_2_3_2_2","pose":0,"relative":0,"periodic":0,"phase":"stroke","start":1046,"duration":386},{"controller":"BothArm1","type":"Hand_BothUp_Make_2_3_2_2","pose":0,"relative":0,"periodic":0,"phase":"relax","start":1432,"duration":677},{"controller":"RArm1","type":"Hand_Up_Make_2_4_3_2","pose":0,"relative":0,"periodic":0,"phase":"pre","start":6,"duration":218},{"controller":"RArm1","type":"Hand_Up_Make_2_4_3_2","pose":0,"relative":0,"periodic":0,"phase":"stroke","start":224,"duration":327},{"controller":"RArm1","type":"Hand_Up_Make_2_4_3_2","pose":0,"relative":0,"periodic":0,"phase":"relax","start":551,"duration":396},{"controller":"Head1","type":"Head_NodDown_3","pose":0,"relative":1,"periodic":1,"phase":"pre","start":650,"duration":198},{"controller":"Head1","type":"Head_NodDown_3","pose":0,"relative":1,"periodic":1,"phase":"stroke","start":848,"duration":300},{"controller":"Head1","type":"Head_NodDown_3","pose":0,"relative":1,"periodic":1,"phase":"stroke","start":1148,"duration":204},{"controller":"Head1","type":"Head_NodDown_3","pose":0,"relative":1,"periodic":1,"phase":"relax","start":1352,"duration":160}],"face":[{"controller":"Face","type":"Hopeful","relax":[["t2","t4"]],"stroke":[["t0","t2"]]},{"controller":"Face","type":"Pleased","relax":[["t11","t13"]],"stroke":[["t8","t11"]]}],"face_schedule":[{"controller":"Face","type":"Hopeful","duration":218,"phase":"stroke","start":6},{"controller":"Face","type":"Hopeful","duration":218,"phase":"relax","start":224},{"controller":"Face","type":"Pleased","duration":300,"phase":"stroke","start":848},{"controller":"Face","type":"Pleased","duration":204,"phase":"relax","start":1148}],"command":[],"command_schedule":[],"ui":[],"SpecialCommands":null,"audio_id":"digital-twin-1-02","audio_schedule":[{"type":"start","time":0},{"type":"stop","time":2377}],"ui_schedule":[],"duration":2877,"name":"action","sound_schedule":[],"Description":"","Date":"2019.09.16-12.30.49","sound":[]}}