{"Script":{"line":"이천이십오년 구로의 변화와 발전된 모습이 그려져 있습니다","line_timestamp":"*300*300이천이십오년 구로의 변화와 발전된 모습이 그려져 있습니다*700","gesture":[{"controller":"Base","type":"Base_Basepose_1_1","pre":[["t0","t6"]],"stroke":[],"relax":[],"pose":1,"relative":0,"periodic":0},{"controller":"FullBody1","type":"Breathing_1","pre":[],"stroke":[["t1","t4"],["t4","t9"]],"relax":[],"pose":0,"relative":1,"periodic":1},{"controller":"FullBody1","type":"UpperBody_Push_1","pre":[],"stroke":[["t25","t29"]],"relax":[["t29","t33"]],"pose":0,"relative":1,"periodic":0},{"controller":"BothArm1","type":"Object_Shape_Rect_3","pre":[["t15","t19"]],"stroke":[["t19","t25"],["t25","t30"]],"relax":[["t30","t33"]],"pose":0,"relative":0,"periodic":0},{"controller":"RArm1","type":"Number_Number_2","pre":[["t0","t1"]],"stroke":[["t1","t7"]],"relax":[["t7","t14"]],"pose":0,"relative":0,"periodic":0},{"controller":"LArm1","type":"Number_Count_5","pre":[["t0","t1"]],"stroke":[["t1","t2"]],"relax":[],"pose":0,"relative":0,"periodic":0},{"controller":"LArm1","type":"Number_Number_5","pre":[["t2","t4"]],"stroke":[["t4","t7"]],"relax":[["t7","t14"]],"pose":0,"relative":0,"periodic":0},{"controller":"Head1","type":"Head_NodDown_3","pre":[],"stroke":[["t1","t4"],["t4","t8"]],"relax":[],"pose":0,"relative":1,"periodic":1},{"controller":"Head1","type":"Head_TiltR_2","pre":[],"stroke":[["t25","t28"],["t28","t31"]],"relax":[],"pose":0,"relative":1,"periodic":1}],"gesture_schedule":[{"controller":"Base","type":"Base_Basepose_1_1","pose":1,"relative":0,"periodic":0,"phase":"pre","start":0,"duration":1082},{"controller":"FullBody1","type":"Breathing_1","pose":0,"relative":1,"periodic":1,"phase":"stroke","start":300,"duration":544},{"controller":"FullBody1","type":"Breathing_1","pose":0,"relative":1,"periodic":1,"phase":"stroke","start":844,"duration":601},{"controller":"FullBody1","type":"UpperBody_Push_1","pose":0,"relative":1,"periodic":0,"phase":"stroke","start":3307,"duration":390},{"controller":"FullBody1","type":"UpperBody_Push_1","pose":0,"relative":1,"periodic":0,"phase":"relax","start":3697,"duration":729},{"controller":"BothArm1","type":"Object_Shape_Rect_3","pose":0,"relative":0,"periodic":0,"phase":"pre","start":2066,"duration":557},{"controller":"BothArm1","type":"Object_Shape_Rect_3","pose":0,"relative":0,"periodic":0,"phase":"stroke","start":2623,"duration":684},{"controller":"BothArm1","type":"Object_Shape_Rect_3","pose":0,"relative":0,"periodic":0,"phase":"stroke","start":3307,"duration":572},{"controller":"BothArm1","type":"Object_Shape_Rect_3","pose":0,"relative":0,"periodic":0,"phase":"relax","start":3879,"duration":547},{"controller":"RArm1","type":"Number_Number_2","pose":0,"relative":0,"periodic":0,"phase":"pre","start":0,"duration":300},{"controller":"RArm1","type":"Number_Number_2","pose":0,"relative":0,"periodic":0,"phase":"stroke","start":300,"duration":901},{"controller":"RArm1","type":"Number_Number_2","pose":0,"relative":0,"periodic":0,"phase":"relax","start":1201,"duration":731},{"controller":"LArm1","type":"Number_Count_5","pose":0,"relative":0,"periodic":0,"phase":"pre","start":0,"duration":300},{"controller":"LArm1","type":"Number_Count_5","pose":0,"relative":0,"periodic":0,"phase":"stroke","start":300,"duration":306},{"controller":"LArm1","type":"Number_Number_5","pose":0,"relative":0,"periodic":0,"phase":"pre","start":606,"duration":238},{"controller":"LArm1","type":"Number_Number_5","pose":0,"relative":0,"periodic":0,"phase":"stroke","start":844,"duration":357},{"controller":"LArm1","type":"Number_Number_5","pose":0,"relative":0,"periodic":0,"phase":"relax","start":1201,"duration":731},{"controller":"Head1","type":"Head_NodDown_3","pose":0,"relative":1,"periodic":1,"phase":"stroke","start":300,"duration":544},{"controller":"Head1","type":"Head_NodDown_3","pose":0,"relative":1,"periodic":1,"phase":"stroke","start":844,"duration":476},{"controller":"Head1","type":"Head_TiltR_2","pose":0,"relative":1,"periodic":1,"phase":"stroke","start":3307,"duration":291},{"controller":"Head1","type":"Head_TiltR_2","pose":0,"relative":1,"periodic":1,"phase":"stroke","start":3598,"duration":463}],"face":[{"controller":"Face","type":"Amused","relax":[["t4","t6"]],"stroke":[["t2","t4"]]},{"controller":"Face","type":"Hopeful","relax":[["t27","t29"]],"stroke":[["t25","t27"]]},{"controller":"Face","type":"Hopeful","relax":[["t14","t16"]],"stroke":[["t12","t14"]]}],"face_schedule":[{"controller":"Face","type":"Amused","duration":238,"phase":"stroke","start":606},{"controller":"Face","type":"Amused","duration":238,"phase":"relax","start":844},{"controller":"Face","type":"Hopeful","duration":194,"phase":"stroke","start":3307},{"controller":"Face","type":"Hopeful","duration":196,"phase":"relax","start":3501},{"controller":"Face","type":"Hopeful","duration":223,"phase":"stroke","start":1709},{"controller":"Face","type":"Hopeful","duration":268,"phase":"relax","start":1932}],"command":[],"command_schedule":[],"ui":[],"SpecialCommands":null,"audio_id":"digital-twin-1-08","audio_schedule":[{"type":"start","time":300},{"type":"pause","time":300},{"type":"resume","time":606},{"type":"stop","time":4492}],"ui_schedule":[],"duration":5192,"name":"action","sound_schedule":[],"Description":"","Date":"2019.09.16-12.32.49","sound":[]}}