{"ID":"0","Script":{"line":"구민들의 참여와 구로의 문화를 공유하기 위해 조성한 갤러리입니다","line_timestamp":"구민들의 참여와 구로의 문화를 공유하기 위해 조성한 갤러리입니다","gesture":null,"command_schedule":null,"face":null,"gesture_schedule":null,"blink":null,"face_schedule":null,"command":null,"blink_schedule":null,"ui":null,"SpecialCommands":null,"audio_id":"digital-gallery-1-02","audio_schedule":[{"type":"start","time":0},{"type":"stop","time":4257}],"panel_schedule":null,"duration":4257,"name":"action","Flag":null,"NonTextTimestamp":null,"Description":"","Date":""}}