{"Script":{"line":"그와 함께 현재를 기준으로","line_timestamp":"그와 함께 현재를 기준으로","gesture":[{"controller":"Base","type":"Base_Basepose_1_1","pre":[["t0","t7"]],"stroke":[],"relax":[],"pose":1,"relative":0,"periodic":0},{"controller":"LArm1","type":"Hand_Fist_Make_3_3","pre":[["t3","t6"]],"stroke":[["t6","t9"]],"relax":[["t9","t13"]],"pose":0,"relative":0,"periodic":0},{"controller":"Head1","type":"Head_NodDown_3","pre":[],"stroke":[["t0","t3"],["t3","t7"]],"relax":[],"pose":0,"relative":1,"periodic":1}],"gesture_schedule":[{"controller":"Base","type":"Base_Basepose_1_1","pose":1,"relative":0,"periodic":0,"phase":"pre","start":6,"duration":748},{"controller":"LArm1","type":"Hand_Fist_Make_3_3","pose":0,"relative":0,"periodic":0,"phase":"pre","start":265,"duration":365},{"controller":"LArm1","type":"Hand_Fist_Make_3_3","pose":0,"relative":0,"periodic":0,"phase":"stroke","start":630,"duration":372},{"controller":"LArm1","type":"Hand_Fist_Make_3_3","pose":0,"relative":0,"periodic":0,"phase":"relax","start":1002,"duration":586},{"controller":"Head1","type":"Head_NodDown_3","pose":0,"relative":1,"periodic":1,"phase":"stroke","start":6,"duration":259},{"controller":"Head1","type":"Head_NodDown_3","pose":0,"relative":1,"periodic":1,"phase":"stroke","start":265,"duration":489}],"face":[{"controller":"Face","type":"Hopeful","relax":[["t2","t4"]],"stroke":[["t0","t2"]]},{"controller":"Face","type":"Hopeful","relax":[["t11","t14"]],"stroke":[["t9","t11"]]}],"face_schedule":[{"controller":"Face","type":"Hopeful","duration":172,"phase":"stroke","start":6},{"controller":"Face","type":"Hopeful","duration":208,"phase":"relax","start":178},{"controller":"Face","type":"Hopeful","duration":278,"phase":"stroke","start":1002},{"controller":"Face","type":"Hopeful","duration":465,"phase":"relax","start":1280}],"command":[],"command_schedule":[],"ui":[],"SpecialCommands":null,"audio_id":"digital-twin-1-07","audio_schedule":[{"type":"start","time":0},{"type":"stop","time":1828}],"ui_schedule":[],"duration":1828,"name":"action","sound_schedule":[],"Description":"","Date":"2019.09.16-12.32.49","sound":[]}}