{"Script":{"line":"디지털 트윈은 미래의 구로 데이터 지도입니다","line_timestamp":"디지털 트윈은 미래의 구로 데이터 지도입니다*500","gesture":[{"controller":"Base","type":"Base_Basepose_1_1","pre":[["t0","t6"]],"stroke":[],"relax":[],"pose":1,"relative":0,"periodic":0},{"controller":"FullBody1","type":"UpperBody_Push_1","pre":[],"stroke":[["t1","t4"]],"relax":[["t4","t7"]],"pose":0,"relative":1,"periodic":0},{"controller":"BothArm1","type":"Object_Shape_Sphere_2","pre":[["t10","t15"]],"stroke":[["t15","t20"]],"relax":[["t20","t23"]],"pose":0,"relative":0,"periodic":0},{"controller":"RArm1","type":"Number_Number_1","pre":[["t0","t3"]],"stroke":[["t3","t7"]],"relax":[["t7","t11"]],"pose":0,"relative":0,"periodic":0},{"controller":"LArm1","type":"Number_Number_1","pre":[["t0","t3"]],"stroke":[["t3","t7"]],"relax":[["t7","t11"]],"pose":0,"relative":0,"periodic":0},{"controller":"Head1","type":"Head_NodDown_3","pre":[],"stroke":[["t15","t18"],["t18","t21"]],"relax":[],"pose":0,"relative":1,"periodic":1},{"controller":"Head1","type":"Head_TiltL_2","pre":[],"stroke":[["t0","t3"],["t3","t6"]],"relax":[],"pose":0,"relative":1,"periodic":1}],"gesture_schedule":[{"controller":"Base","type":"Base_Basepose_1_1","pose":1,"relative":0,"periodic":0,"phase":"pre","start":6,"duration":661},{"controller":"FullBody1","type":"UpperBody_Push_1","pose":0,"relative":1,"periodic":0,"phase":"stroke","start":117,"duration":336},{"controller":"FullBody1","type":"UpperBody_Push_1","pose":0,"relative":1,"periodic":0,"phase":"relax","start":453,"duration":321},{"controller":"BothArm1","type":"Object_Shape_Sphere_2","pose":0,"relative":0,"periodic":0,"phase":"pre","start":1048,"duration":434},{"controller":"BothArm1","type":"Object_Shape_Sphere_2","pose":0,"relative":0,"periodic":0,"phase":"stroke","start":1482,"duration":579},{"controller":"BothArm1","type":"Object_Shape_Sphere_2","pose":0,"relative":0,"periodic":0,"phase":"relax","start":2061,"duration":561},{"controller":"RArm1","type":"Number_Number_1","pose":0,"relative":0,"periodic":0,"phase":"pre","start":6,"duration":333},{"controller":"RArm1","type":"Number_Number_1","pose":0,"relative":0,"periodic":0,"phase":"stroke","start":339,"duration":435},{"controller":"RArm1","type":"Number_Number_1","pose":0,"relative":0,"periodic":0,"phase":"relax","start":774,"duration":357},{"controller":"LArm1","type":"Number_Number_1","pose":0,"relative":0,"periodic":0,"phase":"pre","start":6,"duration":333},{"controller":"LArm1","type":"Number_Number_1","pose":0,"relative":0,"periodic":0,"phase":"stroke","start":339,"duration":435},{"controller":"LArm1","type":"Number_Number_1","pose":0,"relative":0,"periodic":0,"phase":"relax","start":774,"duration":357},{"controller":"Head1","type":"Head_NodDown_3","pose":0,"relative":1,"periodic":1,"phase":"stroke","start":1482,"duration":294},{"controller":"Head1","type":"Head_NodDown_3","pose":0,"relative":1,"periodic":1,"phase":"stroke","start":1776,"duration":472},{"controller":"Head1","type":"Head_TiltL_2","pose":0,"relative":1,"periodic":1,"phase":"stroke","start":6,"duration":333},{"controller":"Head1","type":"Head_TiltL_2","pose":0,"relative":1,"periodic":1,"phase":"stroke","start":339,"duration":328}],"face":[{"controller":"Face","type":"Tender","relax":[["t3","t6"]],"stroke":[["t0","t3"]]},{"controller":"Face","type":"Tender","relax":[["t18","t21"]],"stroke":[["t15","t18"]]}],"face_schedule":[{"controller":"Face","type":"Tender","duration":333,"phase":"stroke","start":6},{"controller":"Face","type":"Tender","duration":328,"phase":"relax","start":339},{"controller":"Face","type":"Tender","duration":294,"phase":"stroke","start":1482},{"controller":"Face","type":"Tender","duration":472,"phase":"relax","start":1776}],"command":[],"command_schedule":[],"ui":[],"SpecialCommands":null,"audio_id":"digital-twin-1-10","audio_schedule":[{"type":"start","time":0},{"type":"stop","time":2873}],"ui_schedule":[],"duration":3373,"name":"action","sound_schedule":[],"Description":"","Date":"2019.09.16-12.32.49","sound":[]}}