{"Script":{"line":"반갑습니다","line_timestamp":"반갑습니다","gesture":[{"controller":"Base","type":"Base_Basepose_1_1","pre":[["t0","t2"]],"stroke":[],"relax":[],"pose":1,"relative":0,"periodic":0},{"controller":"FullBody1","type":"Head_TiltR_3","pre":[],"stroke":[["t0","t3"],["t3","t5"]],"relax":[],"pose":0,"relative":1,"periodic":1}],"gesture_schedule":[{"controller":"Base","type":"Base_Basepose_1_1","pose":1,"relative":0,"periodic":0,"phase":"pre","start":6,"duration":378},{"controller":"FullBody1","type":"Head_TiltR_3","pose":0,"relative":1,"periodic":1,"phase":"stroke","start":6,"duration":567},{"controller":"FullBody1","type":"Head_TiltR_3","pose":0,"relative":1,"periodic":1,"phase":"stroke","start":573,"duration":381}],"face":[{"controller":"Face","type":"Smile","relax":[],"stroke":[["t0","t2"]]},{"controller":"Face","type":"Smile","relax":[["t3","t5"]],"stroke":[]}],"face_schedule":[{"controller":"Face","type":"Smile","duration":378,"phase":"stroke","start":6},{"controller":"Face","type":"Smile","duration":381,"phase":"relax","start":573}],"command":[],"command_schedule":[],"ui":[],"SpecialCommands":null,"audio_id":"greeting-2-01","audio_schedule":[{"type":"start","time":0},{"type":"stop","time":1018}],"ui_schedule":[],"duration":1018,"name":"action","sound_schedule":[],"Description":"","Date":"2019.08.26-20.26.31","sound":[]}}