{"Script":{"line":"안녕하세요","line_timestamp":"*300안녕하세요*300","gesture":[{"controller":"Base","type":"Base_Basepose_1_1","pre":[["t0","t2"]],"stroke":null,"relax":null,"pose":1,"relative":0,"periodic":0},{"controller":"FullBody1","type":"UpperBody_BowPush_3","pre":[],"stroke":[["t0","t4"]],"relax":[["t4","t7"]],"pose":0,"relative":1,"periodic":0}],"gesture_schedule":[{"controller":"Base","type":"Base_Basepose_1_1","pose":1,"relative":0,"periodic":0,"phase":"pre","start":0,"duration":511},{"controller":"FullBody1","type":"UpperBody_BowPush_3","pose":0,"relative":1,"periodic":0,"phase":"stroke","start":0,"duration":921},{"controller":"FullBody1","type":"UpperBody_BowPush_3","pose":0,"relative":1,"periodic":0,"phase":"relax","start":921,"duration":714}],"face":[],"face_schedule":[],"command":[{"controller":"GazeHead","command":"Fix","stroke":[["t0","t1"]],"relax":[]},{"controller":"GazeHead","command":"Release","stroke":[["t6","t7"]],"relax":[]},{"controller":"GazeHead","command":"SetPermitFlag","stroke":[["t0","t1"]],"relax":[],"permitHeadCS":"False","permitEyeCS":"False"},{"controller":"GazeHead","command":"SetPermitFlag","stroke":[["t6","t7"]],"relax":[],"permitHeadCS":"True","permitEyeCS":"True"}],"command_schedule":[{"controller":"GazeHead","command":"Fix","phase":"stroke","relax":[],"start":0,"duration":306},{"controller":"GazeHead","command":"Release","phase":"stroke","relax":[],"start":1335,"duration":300},{"controller":"GazeHead","command":"SetPermitFlag","phase":"stroke","relax":[],"permitHeadCS":"False","permitEyeCS":"False","start":0,"duration":306},{"controller":"GazeHead","command":"SetPermitFlag","phase":"stroke","relax":[],"permitHeadCS":"True","permitEyeCS":"True","start":1335,"duration":300}],"ui":[],"SpecialCommands":null,"audio_id":"greeting-1-01","audio_schedule":[{"type":"start","time":300},{"type":"stop","time":1397}],"ui_schedule":[],"duration":1697,"name":"action","sound_schedule":[],"Description":"","Date":"2019.08.26-20.26.31","sound":[]}}