{"ID":"0","Script":{"line":"여기는 스마트 구로 홍보관입니다","line_timestamp":"여기는 스마트 구로 홍보관입니다","gesture":null,"command_schedule":null,"face":null,"gesture_schedule":null,"blink":null,"face_schedule":null,"command":null,"blink_schedule":null,"ui":null,"SpecialCommands":null,"audio_id":"guro-simple-1-01","audio_schedule":[{"type":"start","time":0},{"type":"stop","time":2324}],"panel_schedule":null,"duration":2324,"name":"action","Flag":null,"NonTextTimestamp":null,"Description":"","Date":""}}