{"ID":"0","Script":{"line":"본 홍보관에서 다양한 스마트 도시 서비스를 체험하실 수 있습니다","line_timestamp":"본 홍보관에서 다양한 스마트 도시 서비스를 체험하실 수 있습니다","gesture":null,"command_schedule":null,"face":null,"gesture_schedule":null,"blink":null,"face_schedule":null,"command":null,"blink_schedule":null,"ui":null,"SpecialCommands":null,"audio_id":"guro-simple-1-02","audio_schedule":[{"type":"start","time":0},{"type":"stop","time":4493}],"panel_schedule":null,"duration":4493,"name":"action","Flag":null,"NonTextTimestamp":null,"Description":"","Date":""}}