{"Script":{"line":"이제 스마트 구로 홍보관의 서비스들을 하나씩 소개해 드리겠습니다","line_timestamp":"*500이제 스마트 구로 홍보관의 서비스들을 하나씩 소개해 드리겠습니다*500","gesture":[{"controller":"Base","type":"Base_Basepose_1_1","pre":[["t0","t3"]],"stroke":[],"relax":[],"pose":1,"relative":0,"periodic":0},{"controller":"FullBody1","type":"UpperBody_Push_2","pre":[],"stroke":[["t16","t21"]],"relax":[],"pose":0,"relative":1,"periodic":0},{"controller":"FullBody1","type":"UpperBody_Push_2","pre":[],"stroke":[],"relax":[["t24","t29"]],"pose":0,"relative":1,"periodic":0},{"controller":"RArm1","type":"Other_FingerSnap","pre":[["t0","t1"]],"stroke":[["t1","t3"]],"relax":[],"pose":0,"relative":0,"periodic":0},{"controller":"RArm1","type":"Point_Who_RArm_You_1","pre":[["t6","t9"]],"stroke":[["t9","t16"]],"relax":[],"pose":0,"relative":0,"periodic":0},{"controller":"RArm1","type":"Number_Number_1","pre":[["t17","t21"]],"stroke":[["t21","t24"]],"relax":[],"pose":0,"relative":0,"periodic":0},{"controller":"RArm1","type":"Hand_Fist_Make_3_3","pre":[["t25","t29"]],"stroke":[["t29","t31"]],"relax":[],"pose":0,"relative":0,"periodic":0},{"controller":"RArm1","type":"Hand_Fist_Make_3_3","pre":[],"stroke":[],"relax":[["t33","t36"]],"pose":0,"relative":0,"periodic":0},{"controller":"Head1","type":"Head_NodDown_2","pre":[],"stroke":[["t1","t5"],["t5","t9"]],"relax":[],"pose":0,"relative":1,"periodic":1}],"gesture_schedule":[{"controller":"Base","type":"Base_Basepose_1_1","pose":1,"relative":0,"periodic":0,"phase":"pre","start":0,"duration":902},{"controller":"FullBody1","type":"UpperBody_Push_2","pose":0,"relative":1,"periodic":0,"phase":"stroke","start":2393,"duration":625},{"controller":"FullBody1","type":"UpperBody_Push_2","pose":0,"relative":1,"periodic":0,"phase":"relax","start":3350,"duration":468},{"controller":"RArm1","type":"Other_FingerSnap","pose":0,"relative":0,"periodic":0,"phase":"pre","start":0,"duration":506},{"controller":"RArm1","type":"Other_FingerSnap","pose":0,"relative":0,"periodic":0,"phase":"stroke","start":506,"duration":396},{"controller":"RArm1","type":"Point_Who_RArm_You_1","pose":0,"relative":0,"periodic":0,"phase":"pre","start":1310,"duration":283},{"controller":"RArm1","type":"Point_Who_RArm_You_1","pose":0,"relative":0,"periodic":0,"phase":"stroke","start":1593,"duration":800},{"controller":"RArm1","type":"Number_Number_1","pose":0,"relative":0,"periodic":0,"phase":"pre","start":2518,"duration":500},{"controller":"RArm1","type":"Number_Number_1","pose":0,"relative":0,"periodic":0,"phase":"stroke","start":3018,"duration":332},{"controller":"RArm1","type":"Hand_Fist_Make_3_3","pose":0,"relative":0,"periodic":0,"phase":"pre","start":3452,"duration":366},{"controller":"RArm1","type":"Hand_Fist_Make_3_3","pose":0,"relative":0,"periodic":0,"phase":"stroke","start":3818,"duration":257},{"controller":"RArm1","type":"Hand_Fist_Make_3_3","pose":0,"relative":0,"periodic":0,"phase":"relax","start":4411,"duration":504},{"controller":"Head1","type":"Head_NodDown_2","pose":0,"relative":1,"periodic":1,"phase":"stroke","start":506,"duration":700},{"controller":"Head1","type":"Head_NodDown_2","pose":0,"relative":1,"periodic":1,"phase":"stroke","start":1206,"duration":387}],"face":[{"controller":"Face","type":"Hopeful","relax":[],"stroke":[["t1","t2"]]},{"controller":"Face","type":"Tender","relax":[],"stroke":[["t22","t23"]]},{"controller":"Face","type":"Amused","relax":[],"stroke":[["t26","t27"]]},{"controller":"Face","type":"Amused","relax":[["t35","t36"]],"stroke":[]}],"face_schedule":[{"controller":"Face","type":"Hopeful","duration":198,"phase":"stroke","start":506},{"controller":"Face","type":"Tender","duration":102,"phase":"stroke","start":3146},{"controller":"Face","type":"Amused","duration":87,"phase":"stroke","start":3557},{"controller":"Face","type":"Amused","duration":168,"phase":"relax","start":4747}],"command":[],"command_schedule":[],"ui":[],"SpecialCommands":null,"audio_id":"intro-service-1-01","audio_schedule":[{"type":"start","time":500},{"type":"stop","time":4993}],"ui_schedule":[],"duration":5493,"name":"action","sound_schedule":[],"Description":"","Date":"2019.08.26-19.39.07","sound":[]}}