{"Script":{"line":"먼저 제 소개부터 다시 해 드리겠습니다","line_timestamp":"먼저 제 소개부터 다시 해 드리겠습니다","gesture":[{"controller":"Base","type":"Base_Basepose_1_1","pre":[["t0","t5"]],"stroke":[],"relax":[],"pose":1,"relative":0,"periodic":0},{"controller":"BothArm1","type":"Hand_BothDown_Make_3_2_2_1","pre":[["t9","t12"]],"stroke":[["t12","t15"]],"relax":[],"pose":0,"relative":0,"periodic":0},{"controller":"BothArm1","type":"Hand_BothDown_Make_3_2_2_1","pre":[],"stroke":[],"relax":[["t17","t21"]],"pose":0,"relative":0,"periodic":0},{"controller":"RArm1","type":"Point_Who_RArm_We","pre":[["t0","t3"]],"stroke":[["t3","t8"]],"relax":[],"pose":0,"relative":0,"periodic":0},{"controller":"RArm1","type":"Point_Who_RArm_We","pre":[],"stroke":[],"relax":[["t9","t13"]],"pose":0,"relative":0,"periodic":0},{"controller":"Head1","type":"Head_TiltL_2","pre":[],"stroke":[["t2","t4"]],"relax":[],"pose":0,"relative":1,"periodic":1},{"controller":"Head1","type":"Head_TiltL_2","pre":[],"stroke":[["t6","t8"]],"relax":[],"pose":0,"relative":1,"periodic":1},{"controller":"Head2","type":"Head_NodDown_3","pre":[],"stroke":[["t8","t11"],["t11","t14"]],"relax":[],"pose":0,"relative":1,"periodic":1}],"gesture_schedule":[{"controller":"Base","type":"Base_Basepose_1_1","pose":1,"relative":0,"periodic":0,"phase":"pre","start":6,"duration":877},{"controller":"BothArm1","type":"Hand_BothDown_Make_3_2_2_1","pose":0,"relative":0,"periodic":0,"phase":"pre","start":1355,"duration":364},{"controller":"BothArm1","type":"Hand_BothDown_Make_3_2_2_1","pose":0,"relative":0,"periodic":0,"phase":"stroke","start":1719,"duration":395},{"controller":"BothArm1","type":"Hand_BothDown_Make_3_2_2_1","pose":0,"relative":0,"periodic":0,"phase":"relax","start":2388,"duration":555},{"controller":"RArm1","type":"Point_Who_RArm_We","pose":0,"relative":0,"periodic":0,"phase":"pre","start":6,"duration":676},{"controller":"RArm1","type":"Point_Who_RArm_We","pose":0,"relative":0,"periodic":0,"phase":"stroke","start":682,"duration":555},{"controller":"RArm1","type":"Point_Who_RArm_We","pose":0,"relative":0,"periodic":0,"phase":"relax","start":1355,"duration":485},{"controller":"Head1","type":"Head_TiltL_2","pose":0,"relative":1,"periodic":1,"phase":"stroke","start":456,"duration":326},{"controller":"Head1","type":"Head_TiltL_2","pose":0,"relative":1,"periodic":1,"phase":"stroke","start":1001,"duration":236},{"controller":"Head2","type":"Head_NodDown_3","pose":0,"relative":1,"periodic":1,"phase":"stroke","start":1237,"duration":361},{"controller":"Head2","type":"Head_NodDown_3","pose":0,"relative":1,"periodic":1,"phase":"stroke","start":1598,"duration":379}],"face":[{"controller":"Face","type":"Amused","relax":[],"stroke":[["t0","t2"]]},{"controller":"Face","type":"Hopeful","relax":[],"stroke":[["t8","t10"]]},{"controller":"Face","type":"Smile","relax":[],"stroke":[["t15","t17"]]},{"controller":"Face","type":"Smile","relax":[["t20","t21"]],"stroke":[]}],"face_schedule":[{"controller":"Face","type":"Amused","duration":450,"phase":"stroke","start":6},{"controller":"Face","type":"Hopeful","duration":240,"phase":"stroke","start":1237},{"controller":"Face","type":"Smile","duration":274,"phase":"stroke","start":2114},{"controller":"Face","type":"Smile","duration":144,"phase":"relax","start":2799}],"command":[],"command_schedule":[],"ui":[],"SpecialCommands":null,"audio_id":"intro-service-1-02","audio_schedule":[{"type":"start","time":0},{"type":"stop","time":3004}],"ui_schedule":[],"duration":3004,"name":"action","sound_schedule":[],"Description":"","Date":"2019.08.26-19.39.07","sound":[]}}