{"ID":"0","Script":{"line":"입장을 원하시면 입장 버튼을 눌러 주세요","line_timestamp":"입장을 원하시면 입장 버튼을 눌러 주세요","gesture":null,"command_schedule":null,"face":null,"gesture_schedule":null,"blink":null,"face_schedule":null,"command":null,"blink_schedule":null,"ui":null,"SpecialCommands":null,"audio_id":"intro-button-enter-1-01","audio_schedule":[{"type":"start","time":0},{"type":"stop","time":2821}],"panel_schedule":null,"duration":2821,"name":"action","Flag":null,"NonTextTimestamp":null,"Description":"","Date":""}}