{"ID":"0","Script":{"line":"홍보관의 취지와 전시된 서비스들의 내용을","line_timestamp":"홍보관의 취지와 전시된 서비스들의 내용을","gesture":null,"command_schedule":null,"face":null,"gesture_schedule":null,"blink":null,"face_schedule":null,"command":null,"blink_schedule":null,"ui":null,"SpecialCommands":null,"audio_id":"intro-airi-1-04","audio_schedule":[{"type":"start","time":0},{"type":"stop","time":3056}],"panel_schedule":null,"duration":3056,"name":"action","Flag":null,"NonTextTimestamp":null,"Description":"","Date":""}}