{"ID":"0","Script":{"line":"제 역할은 오시는 분들에게","line_timestamp":"제 역할은 오시는 분들에게","gesture":null,"command_schedule":null,"face":null,"gesture_schedule":null,"blink":null,"face_schedule":null,"command":null,"blink_schedule":null,"ui":null,"SpecialCommands":null,"audio_id":"intro-airi-1-03","audio_schedule":[{"type":"start","time":0},{"type":"stop","time":1959}],"panel_schedule":null,"duration":1959,"name":"action","Flag":null,"NonTextTimestamp":null,"Description":"","Date":""}}