{"Script":{"line":"음성으로 물어 보실 수 있습니다","line_timestamp":"음성으로 물어 보실 수 있습니다","gesture":[{"controller":"Base","type":"Base_Basepose_1_1","pre":[["t0","t4"]],"stroke":[],"relax":[],"pose":1,"relative":0,"periodic":0},{"controller":"RArm1","type":"Point_Direction_RArm_Front","pre":[],"stroke":[["t2","t7"]],"relax":[],"pose":0,"relative":0,"periodic":0},{"controller":"RArm1","type":"Point_Direction_RArm_Front","pre":[],"stroke":[],"relax":[["t13","t17"]],"pose":0,"relative":0,"periodic":0},{"controller":"Head1","type":"Head_NodDown_3","pre":[],"stroke":[["t2","t5"],["t5","t8"]],"relax":[],"pose":0,"relative":1,"periodic":1}],"gesture_schedule":[{"controller":"Base","type":"Base_Basepose_1_1","pose":1,"relative":0,"periodic":0,"phase":"pre","start":6,"duration":388},{"controller":"RArm1","type":"Point_Direction_RArm_Front","pose":0,"relative":0,"periodic":0,"phase":"stroke","start":200,"duration":475},{"controller":"RArm1","type":"Point_Direction_RArm_Front","pose":0,"relative":0,"periodic":0,"phase":"relax","start":1211,"duration":799},{"controller":"Head1","type":"Head_NodDown_3","pose":0,"relative":1,"periodic":1,"phase":"stroke","start":200,"duration":291},{"controller":"Head1","type":"Head_NodDown_3","pose":0,"relative":1,"periodic":1,"phase":"stroke","start":491,"duration":276}],"face":[{"controller":"Face","type":"Amused","relax":[],"stroke":[["t5","t6"]]},{"controller":"Face","type":"Hopeful","relax":[],"stroke":[["t10","t11"]]},{"controller":"Face","type":"Hopeful","relax":[["t16","t17"]],"stroke":[]}],"face_schedule":[{"controller":"Face","type":"Amused","duration":92,"phase":"stroke","start":491},{"controller":"Face","type":"Hopeful","duration":96,"phase":"stroke","start":951},{"controller":"Face","type":"Hopeful","duration":202,"phase":"relax","start":1808}],"command":[],"command_schedule":[],"ui":[],"SpecialCommands":null,"audio_id":"intro-service-1-08","audio_schedule":[{"type":"start","time":0},{"type":"stop","time":2089}],"ui_schedule":[],"duration":2089,"name":"action","sound_schedule":[],"Description":"","Date":"2019.09.16-12.28.19","sound":[]}}