{"ID":"0","Script":{"line":"스마트 구로 홍보관에 오신 것을 환영합니다","line_timestamp":"스마트 구로 홍보관에 오신 것을 환영합니다","gesture":null,"command_schedule":null,"face":null,"gesture_schedule":null,"blink":null,"face_schedule":null,"command":null,"blink_schedule":null,"ui":null,"SpecialCommands":null,"audio_id":"intro-greeting-1-02-1","audio_schedule":[{"type":"start","time":0},{"type":"stop","time":2873}],"panel_schedule":null,"duration":2873,"name":"action","Flag":null,"NonTextTimestamp":null,"Description":"","Date":""}}