{"Script":{"line":"디지털 갤러리도 있습니다","line_timestamp":"디지털 갤러리도 있습니다*500","gesture":[{"controller":"Base","type":"Base_Basepose_1_1","pre":[["t0","t4"]],"stroke":[],"relax":[],"pose":1,"relative":0,"periodic":0},{"controller":"BothArm1","type":"Point_Direction_Upper_Front","pre":[["t0","t4"]],"stroke":[["t4","t9"]],"relax":[["t9","t13"]],"pose":0,"relative":0,"periodic":0}],"gesture_schedule":[{"controller":"Base","type":"Base_Basepose_1_1","pose":1,"relative":0,"periodic":0,"phase":"pre","start":6,"duration":459},{"controller":"BothArm1","type":"Point_Direction_Upper_Front","pose":0,"relative":0,"periodic":0,"phase":"pre","start":6,"duration":459},{"controller":"BothArm1","type":"Point_Direction_Upper_Front","pose":0,"relative":0,"periodic":0,"phase":"stroke","start":465,"duration":545},{"controller":"BothArm1","type":"Point_Direction_Upper_Front","pose":0,"relative":0,"periodic":0,"phase":"relax","start":1010,"duration":790}],"face":[{"controller":"Face","type":"Smile","relax":[],"stroke":[["t0","t2"]]},{"controller":"Face","type":"Smile","relax":[["t11","t13"]],"stroke":[]}],"face_schedule":[{"controller":"Face","type":"Smile","duration":228,"phase":"stroke","start":6},{"controller":"Face","type":"Smile","duration":396,"phase":"relax","start":1404}],"command":[],"command_schedule":[],"ui":[],"SpecialCommands":null,"audio_id":"intro-service-1-19","audio_schedule":[{"type":"start","time":0},{"type":"stop","time":1880}],"ui_schedule":[],"duration":2380,"name":"action","sound_schedule":[],"Description":"","Date":"2019.09.16-12.28.19","sound":[]}}