{"ID":"0","Script":{"line":"소개해 드리는 것입니다","line_timestamp":"소개해 드리는 것입니다","gesture":null,"command_schedule":null,"face":null,"gesture_schedule":null,"blink":null,"face_schedule":null,"command":null,"blink_schedule":null,"ui":null,"SpecialCommands":null,"audio_id":"intro-airi-1-05","audio_schedule":[{"type":"start","time":0},{"type":"stop","time":1619}],"panel_schedule":null,"duration":1619,"name":"action","Flag":null,"NonTextTimestamp":null,"Description":"","Date":""}}