{"Script":{"line":"인공지능 안내원","line_timestamp":"인공지능 안내원","gesture":[{"controller":"Base","type":"Base_Basepose_1_1","pre":[["t0","t4"]],"stroke":[],"relax":[],"pose":1,"relative":0,"periodic":0},{"controller":"RArm1","type":"Object_Shape_Heart_1","pre":[["t0","t1"]],"stroke":[["t1","t6"]],"relax":[],"pose":0,"relative":0,"periodic":0},{"controller":"RArm2","type":"Point_Who_RArm_You_1","pre":[],"stroke":[],"relax":[["t0","t3"]],"pose":0,"relative":0,"periodic":0}],"gesture_schedule":[{"controller":"Base","type":"Base_Basepose_1_1","pose":1,"relative":0,"periodic":0,"phase":"pre","start":6,"duration":484},{"controller":"RArm1","type":"Object_Shape_Heart_1","pose":0,"relative":0,"periodic":0,"phase":"pre","start":6,"duration":121},{"controller":"RArm1","type":"Object_Shape_Heart_1","pose":0,"relative":0,"periodic":0,"phase":"stroke","start":127,"duration":689},{"controller":"RArm2","type":"Point_Who_RArm_You_1","pose":0,"relative":0,"periodic":0,"phase":"relax","start":6,"duration":363}],"face":[{"controller":"Face","type":"Smile","relax":[],"stroke":[["t0","t2"]]}],"face_schedule":[{"controller":"Face","type":"Smile","duration":242,"phase":"stroke","start":6}],"command":[],"command_schedule":[],"ui":[],"SpecialCommands":null,"audio_id":"intro-service-1-04","audio_schedule":[{"type":"start","time":0},{"type":"stop","time":1462}],"ui_schedule":[],"duration":1462,"name":"action","sound_schedule":[],"Description":"","Date":"2019.08.26-19.39.07","sound":[]}}