{"ID":"0","Script":{"line":"다른 궁금한 것은 없으신가요","line_timestamp":"다른 궁금한 것은 없으신가요","gesture":null,"command_schedule":null,"face":null,"gesture_schedule":null,"blink":null,"face_schedule":null,"command":null,"blink_schedule":null,"ui":null,"SpecialCommands":null,"audio_id":"intro-button-2-01","audio_schedule":[{"type":"start","time":0},{"type":"stop","time":1985}],"panel_schedule":null,"duration":1985,"name":"action","Flag":null,"NonTextTimestamp":null,"Description":"","Date":""}}