{"Script":{"line":"미래 구로의 모습을 보실 수 있습니다","line_timestamp":"미래 구로의 모습을 보실 수 있습니다*500","gesture":[{"controller":"Base","type":"Base_Basepose_1_1","pre":[["t0","t4"]],"stroke":[],"relax":[],"pose":1,"relative":0,"periodic":0},{"controller":"FullBody1","type":"Evaluation_Positive_V","pre":[["t0","t6"]],"stroke":[],"relax":[],"pose":0,"relative":0,"periodic":0},{"controller":"FullBody1","type":"Evaluation_Positive_V","pre":[],"stroke":[["t7","t14"]],"relax":[],"pose":0,"relative":0,"periodic":0},{"controller":"FullBody1","type":"Evaluation_Positive_V","pre":[],"stroke":[],"relax":[["t16","t20"]],"pose":0,"relative":0,"periodic":0},{"controller":"Breathing","type":"Breathing_3","pre":[],"stroke":[["t3","t11"],["t11","t18"]],"relax":[],"pose":0,"relative":1,"periodic":1},{"controller":"Head1","type":"Head_NodDown_2","pre":[],"stroke":[["t6","t9"],["t9","t12"]],"relax":[],"pose":0,"relative":1,"periodic":1}],"gesture_schedule":[{"controller":"Base","type":"Base_Basepose_1_1","pose":1,"relative":0,"periodic":0,"phase":"pre","start":6,"duration":341},{"controller":"FullBody1","type":"Evaluation_Positive_V","pose":0,"relative":0,"periodic":0,"phase":"pre","start":6,"duration":545},{"controller":"FullBody1","type":"Evaluation_Positive_V","pose":0,"relative":0,"periodic":0,"phase":"stroke","start":655,"duration":713},{"controller":"FullBody1","type":"Evaluation_Positive_V","pose":0,"relative":0,"periodic":0,"phase":"relax","start":1528,"duration":799},{"controller":"Breathing","type":"Breathing_3","pose":0,"relative":1,"periodic":1,"phase":"stroke","start":245,"duration":834},{"controller":"Breathing","type":"Breathing_3","pose":0,"relative":1,"periodic":1,"phase":"stroke","start":1079,"duration":847},{"controller":"Head1","type":"Head_NodDown_2","pose":0,"relative":1,"periodic":1,"phase":"stroke","start":551,"duration":316},{"controller":"Head1","type":"Head_NodDown_2","pose":0,"relative":1,"periodic":1,"phase":"stroke","start":867,"duration":308}],"face":[{"controller":"Face","type":"Amused","relax":[],"stroke":[["t7","t9"]]},{"controller":"Face","type":"Tender","relax":[],"stroke":[["t17","t19"]]}],"face_schedule":[{"controller":"Face","type":"Amused","duration":212,"phase":"stroke","start":655},{"controller":"Face","type":"Tender","duration":398,"phase":"stroke","start":1727}],"command":[],"command_schedule":[],"ui":[],"SpecialCommands":null,"audio_id":"intro-service-1-17","audio_schedule":[{"type":"start","time":0},{"type":"stop","time":2403}],"ui_schedule":[],"duration":2903,"name":"action","sound_schedule":[],"Description":"","Date":"2019.09.16-12.28.19","sound":[]}}