{"Script":{"line":"다음으로 디스플레이 영상을 통해","line_timestamp":"다음으로 디스플레이 영상을 통해","gesture":[{"controller":"Base","type":"Base_Basepose_1_1","pre":[["t0","t4"]],"stroke":[],"relax":[],"pose":1,"relative":0,"periodic":0},{"controller":"FullBody1","type":"UpperBody_Push_2","pre":[],"stroke":[["t0","t6"]],"relax":[],"pose":0,"relative":1,"periodic":0},{"controller":"FullBody1","type":"UpperBody_Push_2","pre":[],"stroke":[],"relax":[["t9","t15"]],"pose":0,"relative":1,"periodic":0},{"controller":"RArm1","type":"Hand_Up_Make_2_3_2_1","pre":[["t0","t5"]],"stroke":[],"relax":[],"pose":0,"relative":0,"periodic":0},{"controller":"RArm1","type":"Hand_Down_MakePose_1_3","pre":[],"stroke":[],"relax":[["t12","t17"]],"pose":1,"relative":0,"periodic":0}],"gesture_schedule":[{"controller":"Base","type":"Base_Basepose_1_1","pose":1,"relative":0,"periodic":0,"phase":"pre","start":6,"duration":388},{"controller":"FullBody1","type":"UpperBody_Push_2","pose":0,"relative":1,"periodic":0,"phase":"stroke","start":6,"duration":592},{"controller":"FullBody1","type":"UpperBody_Push_2","pose":0,"relative":1,"periodic":0,"phase":"relax","start":919,"duration":684},{"controller":"RArm1","type":"Hand_Up_Make_2_3_2_1","pose":0,"relative":0,"periodic":0,"phase":"pre","start":6,"duration":485},{"controller":"RArm1","type":"Hand_Down_MakePose_1_3","pose":1,"relative":0,"periodic":0,"phase":"relax","start":1251,"duration":827}],"face":[{"controller":"Face","type":"Smile","relax":[],"stroke":[["t0","t2"]]},{"controller":"Face","type":"Hopeful","relax":[],"stroke":[["t7","t9"]]},{"controller":"Face","type":"Tender","relax":[],"stroke":[["t15","t17"]]}],"face_schedule":[{"controller":"Face","type":"Smile","duration":194,"phase":"stroke","start":6},{"controller":"Face","type":"Hopeful","duration":214,"phase":"stroke","start":705},{"controller":"Face","type":"Tender","duration":475,"phase":"stroke","start":1603}],"command":[],"command_schedule":[],"ui":[],"SpecialCommands":null,"audio_id":"intro-service-1-12","audio_schedule":[{"type":"start","time":0},{"type":"stop","time":2142}],"ui_schedule":[],"duration":2142,"name":"action","sound_schedule":[],"Description":"","Date":"2019.09.16-12.28.19","sound":[]}}