{"Script":{"line":"다음은 미니어처 테이블이 있는데요","line_timestamp":"다음은 미니어처 테이블이 있는데요","gesture":[{"controller":"Base","type":"Base_Basepose_1_1","pre":[["t0","t4"]],"stroke":[],"relax":[],"pose":1,"relative":0,"periodic":0},{"controller":"BothArm1","type":"Object_Shape_Cylinder_2","pre":[["t5","t9"]],"stroke":[["t9","t14"]],"relax":[["t14","t18"]],"pose":0,"relative":0,"periodic":0},{"controller":"RArm1","type":"Point_Direction_RArm_Front","pre":[["t0","t3"]],"stroke":[["t3","t6"]],"relax":[["t6","t9"]],"pose":0,"relative":0,"periodic":0},{"controller":"Head1","type":"Head_TiltR_2","pre":[],"stroke":[["t6","t9"],["t9","t12"]],"relax":[],"pose":0,"relative":1,"periodic":1}],"gesture_schedule":[{"controller":"Base","type":"Base_Basepose_1_1","pose":1,"relative":0,"periodic":0,"phase":"pre","start":6,"duration":429},{"controller":"BothArm1","type":"Object_Shape_Cylinder_2","pose":0,"relative":0,"periodic":0,"phase":"pre","start":543,"duration":432},{"controller":"BothArm1","type":"Object_Shape_Cylinder_2","pose":0,"relative":0,"periodic":0,"phase":"stroke","start":975,"duration":457},{"controller":"BothArm1","type":"Object_Shape_Cylinder_2","pose":0,"relative":0,"periodic":0,"phase":"relax","start":1432,"duration":841},{"controller":"RArm1","type":"Point_Direction_RArm_Front","pose":0,"relative":0,"periodic":0,"phase":"pre","start":6,"duration":321},{"controller":"RArm1","type":"Point_Direction_RArm_Front","pose":0,"relative":0,"periodic":0,"phase":"stroke","start":327,"duration":324},{"controller":"RArm1","type":"Point_Direction_RArm_Front","pose":0,"relative":0,"periodic":0,"phase":"relax","start":651,"duration":324},{"controller":"Head1","type":"Head_TiltR_2","pose":0,"relative":1,"periodic":1,"phase":"stroke","start":651,"duration":324},{"controller":"Head1","type":"Head_TiltR_2","pose":0,"relative":1,"periodic":1,"phase":"stroke","start":975,"duration":273}],"face":[{"controller":"Face","type":"Smile","relax":[],"stroke":[["t0","t2"]]},{"controller":"Face","type":"Disappointed","relax":[],"stroke":[["t6","t8"]]},{"controller":"Face","type":"Smile","relax":[],"stroke":[["t12","t14"]]}],"face_schedule":[{"controller":"Face","type":"Smile","duration":214,"phase":"stroke","start":6},{"controller":"Face","type":"Disappointed","duration":216,"phase":"stroke","start":651},{"controller":"Face","type":"Smile","duration":184,"phase":"stroke","start":1248}],"command":[],"command_schedule":[],"ui":[],"SpecialCommands":null,"audio_id":"intro-service-1-16","audio_schedule":[{"type":"start","time":0},{"type":"stop","time":2351}],"ui_schedule":[],"duration":2351,"name":"action","sound_schedule":[],"Description":"","Date":"2019.09.16-12.28.19","sound":[]}}