{"Script":{"line":"구민 상황실 입니다","line_timestamp":"구민 상황실 입니다*700","gesture":[{"controller":"Base","type":"Base_Basepose_1_1","pre":[["t0","t4"]],"stroke":[],"relax":[],"pose":1,"relative":0,"periodic":0},{"controller":"RArm2","type":"Point_Who_RArm_You_1","pre":[],"stroke":[["t0","t5"]],"relax":[],"pose":0,"relative":0,"periodic":0},{"controller":"RArm2","type":"Point_Who_RArm_You_1","pre":[],"stroke":[],"relax":[["t6","t10"]],"pose":0,"relative":0,"periodic":0},{"controller":"Head1","type":"Head_Bow_3","pre":[],"stroke":[["t0","t5"]],"relax":[],"pose":0,"relative":1,"periodic":0},{"controller":"Head1","type":"Head_Bow_3","pre":[],"stroke":[],"relax":[["t6","t10"]],"pose":0,"relative":1,"periodic":0}],"gesture_schedule":[{"controller":"Base","type":"Base_Basepose_1_1","pose":1,"relative":0,"periodic":0,"phase":"pre","start":6,"duration":474},{"controller":"RArm2","type":"Point_Who_RArm_You_1","pose":0,"relative":0,"periodic":0,"phase":"stroke","start":6,"duration":636},{"controller":"RArm2","type":"Point_Who_RArm_You_1","pose":0,"relative":0,"periodic":0,"phase":"relax","start":804,"duration":651},{"controller":"Head1","type":"Head_Bow_3","pose":0,"relative":1,"periodic":0,"phase":"stroke","start":6,"duration":636},{"controller":"Head1","type":"Head_Bow_3","pose":0,"relative":1,"periodic":0,"phase":"relax","start":804,"duration":651}],"face":[{"controller":"Face","type":"Smile","relax":[],"stroke":[["t5","t7"]]},{"controller":"Face","type":"Smile","relax":[["t9","t10"]],"stroke":[]}],"face_schedule":[{"controller":"Face","type":"Smile","duration":324,"phase":"stroke","start":642},{"controller":"Face","type":"Smile","duration":165,"phase":"relax","start":1290}],"command":[],"command_schedule":[],"ui":[],"SpecialCommands":null,"audio_id":"intro-service-1-11","audio_schedule":[{"type":"start","time":0},{"type":"stop","time":1515}],"ui_schedule":[],"duration":2215,"name":"action","sound_schedule":[],"Description":"","Date":"2019.09.16-12.28.19","sound":[]}}