{"ID":"0","Script":{"line":"좀 더 궁금하신 것이 있으시면","line_timestamp":"좀 더 궁금하신 것이 있으시면","gesture":null,"command_schedule":null,"face":null,"gesture_schedule":null,"blink":null,"face_schedule":null,"command":null,"blink_schedule":null,"ui":null,"SpecialCommands":null,"audio_id":"intro-button-1-01","audio_schedule":[{"type":"start","time":0},{"type":"stop","time":2115}],"panel_schedule":null,"duration":2115,"name":"action","Flag":null,"NonTextTimestamp":null,"Description":"","Date":""}}