{"ID":"0","Script":{"line":"저는 안내를 담당하는","line_timestamp":"저는 안내를 담당하는","gesture":null,"command_schedule":null,"face":null,"gesture_schedule":null,"blink":null,"face_schedule":null,"command":null,"blink_schedule":null,"ui":null,"SpecialCommands":null,"audio_id":"intro-airi-1-01","audio_schedule":[{"type":"start","time":0},{"type":"stop","time":1645}],"panel_schedule":null,"duration":1645,"name":"action","Flag":null,"NonTextTimestamp":null,"Description":"","Date":""}}