{"Script":{"line":"아이리 입니다","line_timestamp":"아이리 입니다*400*800","gesture":[{"controller":"Base","type":"Base_Basepose_1_1","pre":[["t0","t4"]],"stroke":[],"relax":[],"pose":1,"relative":0,"periodic":0},{"controller":"BothArm1","type":"Point_Who_BothArm_You_1","pre":[["t0","t3"]],"stroke":[["t3","t6"]],"relax":[["t6","t8"]],"pose":0,"relative":0,"periodic":0},{"controller":"RArm1","type":"Object_Shape_Heart_1","pre":[],"stroke":[],"relax":[["t0","t3"]],"pose":0,"relative":0,"periodic":0},{"controller":"Head1","type":"Head_Bow_2","pre":[],"stroke":[["t0","t4"]],"relax":[["t4","t7"]],"pose":0,"relative":1,"periodic":0}],"gesture_schedule":[{"controller":"Base","type":"Base_Basepose_1_1","pose":1,"relative":0,"periodic":0,"phase":"pre","start":6,"duration":568},{"controller":"BothArm1","type":"Point_Who_BothArm_You_1","pose":0,"relative":0,"periodic":0,"phase":"pre","start":6,"duration":426},{"controller":"BothArm1","type":"Point_Who_BothArm_You_1","pose":0,"relative":0,"periodic":0,"phase":"stroke","start":432,"duration":426},{"controller":"BothArm1","type":"Point_Who_BothArm_You_1","pose":0,"relative":0,"periodic":0,"phase":"relax","start":858,"duration":542},{"controller":"RArm1","type":"Object_Shape_Heart_1","pose":0,"relative":0,"periodic":0,"phase":"relax","start":6,"duration":426},{"controller":"Head1","type":"Head_Bow_2","pose":0,"relative":1,"periodic":0,"phase":"stroke","start":6,"duration":568},{"controller":"Head1","type":"Head_Bow_2","pose":0,"relative":1,"periodic":0,"phase":"relax","start":574,"duration":426}],"face":[{"controller":"Face","type":"Hopeful","relax":[],"stroke":[["t0","t1"]]},{"controller":"Face","type":"Hopeful","relax":[["t7","t8"]],"stroke":[]}],"face_schedule":[{"controller":"Face","type":"Hopeful","duration":142,"phase":"stroke","start":6},{"controller":"Face","type":"Hopeful","duration":400,"phase":"relax","start":1000}],"command":[{"controller":"Turn","command":"ROTATE_TO_MAINTARGET","stroke":[["t8","t9"]],"relax":[],"id":0}],"command_schedule":[{"controller":"Turn","command":"ROTATE_TO_MAINTARGET","phase":"stroke","relax":[],"id":0,"start":1400,"duration":800}],"ui":[],"SpecialCommands":null,"audio_id":"intro-service-1-05","audio_schedule":[{"type":"start","time":0},{"type":"pause","time":1000},{"type":"resume","time":1400},{"type":"stop","time":1471}],"ui_schedule":[],"duration":2271,"name":"action","sound_schedule":[],"Description":"","Date":"2019.08.26-18.46.31","sound":[]}}