{"ID":"0","Script":{"line":"아래의 버튼을 눌러 주세요","line_timestamp":"아래의 버튼을 눌러 주세요","gesture":null,"command_schedule":null,"face":null,"gesture_schedule":null,"blink":null,"face_schedule":null,"command":null,"blink_schedule":null,"ui":null,"SpecialCommands":null,"audio_id":"intro-button-1-02","audio_schedule":[{"type":"start","time":0},{"type":"stop","time":1959}],"panel_schedule":null,"duration":1959,"name":"action","Flag":null,"NonTextTimestamp":null,"Description":"","Date":""}}