{"Script":{"line":"홍보관 중앙 벽에 대형 디스플레이가 있는 데요","line_timestamp":"홍보관 중앙 벽에 대형 디스플레이가 있는 데요*400","gesture":[{"controller":"Base","type":"Base_Basepose_1_1","pre":[["t0","t4"]],"stroke":[],"relax":[],"pose":1,"relative":0,"periodic":0},{"controller":"BothArm1","type":"Hand_BothUp_Make_2_4_3_2","pre":[["t20","t25"]],"stroke":[],"relax":[],"pose":0,"relative":0,"periodic":0},{"controller":"LArm1","type":"Hand_Up_Make_2_4_2_1","pre":[["t0","t3"]],"stroke":[["t3","t8"]],"relax":[],"pose":0,"relative":0,"periodic":0},{"controller":"LArm1","type":"Hand_Up_Make_2_4_2_1","pre":[],"stroke":[],"relax":[["t17","t23"]],"pose":0,"relative":0,"periodic":0},{"controller":"Head2","type":"Head_NodDown_3","pre":[],"stroke":[["t10","t14"],["t14","t19"]],"relax":[],"pose":0,"relative":1,"periodic":1}],"gesture_schedule":[{"controller":"Base","type":"Base_Basepose_1_1","pose":1,"relative":0,"periodic":0,"phase":"pre","start":6,"duration":483},{"controller":"BothArm1","type":"Hand_BothUp_Make_2_4_3_2","pose":0,"relative":0,"periodic":0,"phase":"pre","start":2330,"duration":800},{"controller":"LArm1","type":"Hand_Up_Make_2_4_2_1","pose":0,"relative":0,"periodic":0,"phase":"pre","start":6,"duration":360},{"controller":"LArm1","type":"Hand_Up_Make_2_4_2_1","pose":0,"relative":0,"periodic":0,"phase":"stroke","start":366,"duration":565},{"controller":"LArm1","type":"Hand_Up_Make_2_4_2_1","pose":0,"relative":0,"periodic":0,"phase":"relax","start":2003,"duration":807},{"controller":"Head2","type":"Head_NodDown_3","pose":0,"relative":1,"periodic":1,"phase":"stroke","start":1213,"duration":463},{"controller":"Head2","type":"Head_NodDown_3","pose":0,"relative":1,"periodic":1,"phase":"stroke","start":1676,"duration":545}],"face":[{"controller":"Face","type":"Smile","relax":[],"stroke":[["t0","t1"]]},{"controller":"Face","type":"Hopeful","relax":[],"stroke":[["t10","t12"]]},{"controller":"Face","type":"Smile","relax":[],"stroke":[["t20","t21"]]}],"face_schedule":[{"controller":"Face","type":"Smile","duration":120,"phase":"stroke","start":6},{"controller":"Face","type":"Hopeful","duration":236,"phase":"stroke","start":1213},{"controller":"Face","type":"Smile","duration":160,"phase":"stroke","start":2330}],"command":[],"command_schedule":[],"ui":[],"SpecialCommands":null,"audio_id":"intro-service-1-09","audio_schedule":[{"type":"start","time":0},{"type":"stop","time":3213}],"ui_schedule":[],"duration":3613,"name":"action","sound_schedule":[],"Description":"","Date":"2019.09.16-12.28.19","sound":[]}}