{"ID":"0","Script":{"line":"인공지능 안내원 아이리입니다","line_timestamp":"인공지능 안내원 아이리입니다","gesture":null,"command_schedule":null,"face":null,"gesture_schedule":null,"blink":null,"face_schedule":null,"command":null,"blink_schedule":null,"ui":null,"SpecialCommands":null,"audio_id":"intro-airi-1-02","audio_schedule":[{"type":"start","time":0},{"type":"stop","time":2481}],"panel_schedule":null,"duration":2481,"name":"action","Flag":null,"NonTextTimestamp":null,"Description":"","Date":""}}