{"Script":{"line":"여기 저기 다니면서 많은 분들께 홍보관을 알리고 있습니다","line_timestamp":"여기 저기 다니면서 많은 분들께 홍보관을 알리고 있습니다*700","gesture":[{"controller":"Base","type":"Base_Basepose_1_1","pre":[["t0","t5"]],"stroke":[],"relax":[],"pose":1,"relative":0,"periodic":0},{"controller":"FullBody1","type":"UpperBody_TwistL_2","pre":[],"stroke":[["t0","t4"]],"relax":[["t4","t9"]],"pose":0,"relative":1,"periodic":0},{"controller":"FullBody1","type":"UpperBody_TwistR_2","pre":[],"stroke":[["t9","t13"]],"relax":[["t13","t18"]],"pose":0,"relative":1,"periodic":0},{"controller":"BothArm1","type":"Hand_BothSide_MakePose_3_2","pre":[],"stroke":[],"relax":[["t0","t4"]],"pose":1,"relative":0,"periodic":0},{"controller":"RArm1","type":"Hand_Up_MakePose_2_3","pre":[["t0","t4"]],"stroke":[],"relax":[],"pose":1,"relative":0,"periodic":0},{"controller":"RArm1","type":"Hand_Up_MakePose_2_3","pre":[],"stroke":[],"relax":[["t8","t11"]],"pose":1,"relative":0,"periodic":0},{"controller":"RArm1","type":"Evaluation_Best_4","pre":[],"stroke":[],"relax":[["t27","t31"]],"pose":0,"relative":0,"periodic":0},{"controller":"RArm1","type":"Evaluation_Best_4","pre":[["t15","t20"]],"stroke":[["t20","t24"]],"relax":[],"pose":0,"relative":0,"periodic":0},{"controller":"RArm2","type":"Hand_Up_MakePose_2_4","pre":[["t6","t10"]],"stroke":[],"relax":[],"pose":1,"relative":0,"periodic":0},{"controller":"RArm2","type":"Hand_Up_MakePose_2_4","pre":[],"stroke":[],"relax":[["t16","t19"]],"pose":1,"relative":0,"periodic":0},{"controller":"Head1","type":"Head_NodDown_2","pre":[],"stroke":[["t2","t5"],["t5","t8"]],"relax":[],"pose":0,"relative":1,"periodic":1},{"controller":"Head1","type":"Head_NodDown_2","pre":[],"stroke":[["t10","t13"],["t13","t16"]],"relax":[],"pose":0,"relative":1,"periodic":1}],"gesture_schedule":[{"controller":"Base","type":"Base_Basepose_1_1","pose":1,"relative":0,"periodic":0,"phase":"pre","start":6,"duration":447},{"controller":"FullBody1","type":"UpperBody_TwistL_2","pose":0,"relative":1,"periodic":0,"phase":"stroke","start":6,"duration":344},{"controller":"FullBody1","type":"UpperBody_TwistL_2","pose":0,"relative":1,"periodic":0,"phase":"relax","start":350,"duration":578},{"controller":"FullBody1","type":"UpperBody_TwistR_2","pose":0,"relative":1,"periodic":0,"phase":"stroke","start":928,"duration":475},{"controller":"FullBody1","type":"UpperBody_TwistR_2","pose":0,"relative":1,"periodic":0,"phase":"relax","start":1403,"duration":564},{"controller":"BothArm1","type":"Hand_BothSide_MakePose_3_2","pose":1,"relative":0,"periodic":0,"phase":"relax","start":6,"duration":344},{"controller":"RArm1","type":"Hand_Up_MakePose_2_3","pose":1,"relative":0,"periodic":0,"phase":"pre","start":6,"duration":344},{"controller":"RArm1","type":"Hand_Up_MakePose_2_3","pose":1,"relative":0,"periodic":0,"phase":"relax","start":804,"duration":375},{"controller":"RArm1","type":"Evaluation_Best_4","pose":0,"relative":0,"periodic":0,"phase":"relax","start":3183,"duration":564},{"controller":"RArm1","type":"Evaluation_Best_4","pose":0,"relative":0,"periodic":0,"phase":"pre","start":1627,"duration":602},{"controller":"RArm1","type":"Evaluation_Best_4","pose":0,"relative":0,"periodic":0,"phase":"stroke","start":2229,"duration":534},{"controller":"RArm2","type":"Hand_Up_MakePose_2_4","pose":1,"relative":0,"periodic":0,"phase":"pre","start":556,"duration":496},{"controller":"RArm2","type":"Hand_Up_MakePose_2_4","pose":1,"relative":0,"periodic":0,"phase":"relax","start":1739,"duration":359},{"controller":"Head1","type":"Head_NodDown_2","pose":0,"relative":1,"periodic":1,"phase":"stroke","start":166,"duration":287},{"controller":"Head1","type":"Head_NodDown_2","pose":0,"relative":1,"periodic":1,"phase":"stroke","start":453,"duration":351},{"controller":"Head1","type":"Head_NodDown_2","pose":0,"relative":1,"periodic":1,"phase":"stroke","start":1052,"duration":351},{"controller":"Head1","type":"Head_NodDown_2","pose":0,"relative":1,"periodic":1,"phase":"stroke","start":1403,"duration":336}],"face":[{"controller":"Face","type":"Smile","relax":[],"stroke":[["t0","t2"]]},{"controller":"Face","type":"Amused","relax":[],"stroke":[["t4","t6"]]},{"controller":"Face","type":"Smile","relax":[],"stroke":[["t9","t11"]]},{"controller":"Face","type":"Amused","relax":[],"stroke":[["t14","t16"]]},{"controller":"Face","type":"Tender","relax":[],"stroke":[["t20","t22"]]},{"controller":"Face","type":"Amused","relax":[],"stroke":[["t24","t26"]]},{"controller":"Face","type":"Amused","relax":[["t29","t31"]],"stroke":[]}],"face_schedule":[{"controller":"Face","type":"Smile","duration":160,"phase":"stroke","start":6},{"controller":"Face","type":"Amused","duration":206,"phase":"stroke","start":350},{"controller":"Face","type":"Smile","duration":251,"phase":"stroke","start":928},{"controller":"Face","type":"Amused","duration":224,"phase":"stroke","start":1515},{"controller":"Face","type":"Tender","duration":262,"phase":"stroke","start":2229},{"controller":"Face","type":"Amused","duration":280,"phase":"stroke","start":2763},{"controller":"Face","type":"Amused","duration":284,"phase":"relax","start":3463}],"command":[],"command_schedule":[],"ui":[],"SpecialCommands":null,"audio_id":"intro-service-1-21","audio_schedule":[{"type":"start","time":0},{"type":"stop","time":3813}],"ui_schedule":[],"duration":4513,"name":"action","sound_schedule":[],"Description":"","Date":"2019.09.16-12.28.19","sound":[]}}