{"ID":"0","Script":{"line":"하단의 안내 메뉴를 선택하시면","line_timestamp":"하단의 안내 메뉴를 선택하시면","gesture":null,"command_schedule":null,"face":null,"gesture_schedule":null,"blink":null,"face_schedule":null,"command":null,"blink_schedule":null,"ui":null,"SpecialCommands":null,"audio_id":"intro-button-3-02","audio_schedule":[{"type":"start","time":0},{"type":"stop","time":2063}],"panel_schedule":null,"duration":2063,"name":"action","Flag":null,"NonTextTimestamp":null,"Description":"","Date":""}}