{"Script":{"line":"다양한 서비스 안내를 받으실 수 있는","line_timestamp":"다양한 서비스 안내를 받으실 수 있는","gesture":[{"controller":"Base","type":"Base_Basepose_1_1","pre":[["t0","t4"]],"stroke":[],"relax":[],"pose":1,"relative":0,"periodic":0},{"controller":"BothArm1","type":"Object_Measure_WIdth_1","pre":[],"stroke":[["t0","t4"]],"relax":[],"pose":0,"relative":0,"periodic":0},{"controller":"BothArm1","type":"Object_Measure_WIdth_1","pre":[],"stroke":[],"relax":[["t5","t12"]],"pose":0,"relative":0,"periodic":0},{"controller":"RArm1","type":"Hand_Up_Make_2_4_3_1","pre":[["t6","t9"]],"stroke":[["t9","t13"]],"relax":[],"pose":0,"relative":0,"periodic":0},{"controller":"RArm1","type":"Hand_Up_Make_2_4_3_1","pre":[],"stroke":[],"relax":[["t16","t20"]],"pose":0,"relative":0,"periodic":0},{"controller":"Head1","type":"Head_NodDown_2","pre":[],"stroke":[["t0","t3"],["t3","t7"]],"relax":[],"pose":0,"relative":1,"periodic":1},{"controller":"Head1","type":"Head_NodDown_2","pre":[],"stroke":[["t12","t15"],["t15","t20"]],"relax":[],"pose":0,"relative":1,"periodic":1}],"gesture_schedule":[{"controller":"Base","type":"Base_Basepose_1_1","pose":1,"relative":0,"periodic":0,"phase":"pre","start":6,"duration":412},{"controller":"BothArm1","type":"Object_Measure_WIdth_1","pose":0,"relative":0,"periodic":0,"phase":"stroke","start":6,"duration":412},{"controller":"BothArm1","type":"Object_Measure_WIdth_1","pose":0,"relative":0,"periodic":0,"phase":"relax","start":531,"duration":800},{"controller":"RArm1","type":"Hand_Up_Make_2_4_3_1","pose":0,"relative":0,"periodic":0,"phase":"pre","start":644,"duration":342},{"controller":"RArm1","type":"Hand_Up_Make_2_4_3_1","pose":0,"relative":0,"periodic":0,"phase":"stroke","start":986,"duration":455},{"controller":"RArm1","type":"Hand_Up_Make_2_4_3_1","pose":0,"relative":0,"periodic":0,"phase":"relax","start":1774,"duration":623},{"controller":"Head1","type":"Head_NodDown_2","pose":0,"relative":1,"periodic":1,"phase":"stroke","start":6,"duration":309},{"controller":"Head1","type":"Head_NodDown_2","pose":0,"relative":1,"periodic":1,"phase":"stroke","start":315,"duration":442},{"controller":"Head1","type":"Head_NodDown_2","pose":0,"relative":1,"periodic":1,"phase":"stroke","start":1331,"duration":330},{"controller":"Head1","type":"Head_NodDown_2","pose":0,"relative":1,"periodic":1,"phase":"stroke","start":1661,"duration":736}],"face":[{"controller":"Face","type":"Amused","relax":[],"stroke":[["t3","t5"]]},{"controller":"Face","type":"Tender","relax":[],"stroke":[["t12","t14"]]},{"controller":"Face","type":"Tender","relax":[["t18","t19"]],"stroke":[]}],"face_schedule":[{"controller":"Face","type":"Amused","duration":216,"phase":"stroke","start":315},{"controller":"Face","type":"Tender","duration":220,"phase":"stroke","start":1331},{"controller":"Face","type":"Tender","duration":226,"phase":"relax","start":1945}],"command":[],"command_schedule":[],"ui":[],"SpecialCommands":null,"audio_id":"intro-service-1-13","audio_schedule":[{"type":"start","time":0},{"type":"stop","time":2481}],"ui_schedule":[],"duration":2481,"name":"action","sound_schedule":[],"Description":"","Date":"2019.09.16-12.28.19","sound":[]}}