{"Script":{"line":"홍보관 왼편에 음성인식 관광안내 서비스가 있습니다","line_timestamp":"*300홍보관 왼편에 음성인식 관광안내 서비스가 있습니다*400","gesture":[{"controller":"Base","type":"Base_Attention_2","pre":[["t1","t8"]],"stroke":[],"relax":[],"pose":1,"relative":0,"periodic":0},{"controller":"Base","type":"Base_Basepose_1_1","pre":[["t13","t18"]],"stroke":[],"relax":[],"pose":1,"relative":0,"periodic":0},{"controller":"FullBody1","type":"Other_CantHear","pre":[["t4","t10"]],"stroke":[["t10","t13"]],"relax":[["t13","t18"]],"pose":0,"relative":0,"periodic":0},{"controller":"RArm1","type":"Point_Direction_RArm_Left","pre":[["t0","t3"]],"stroke":[["t3","t7"]],"relax":[["t7","t10"]],"pose":0,"relative":0,"periodic":0},{"controller":"RArm1","type":"Hand_Fist_Make_4_3","pre":[["t15","t18"]],"stroke":[["t18","t22"]],"relax":[],"pose":0,"relative":0,"periodic":0},{"controller":"RArm1","type":"Hand_Fist_Make_4_3","pre":[],"stroke":[],"relax":[["t23","t27"]],"pose":0,"relative":0,"periodic":0},{"controller":"Head1","type":"Head_NodDown_3","pre":[],"stroke":[["t16","t19"],["t19","t22"]],"relax":[],"pose":0,"relative":1,"periodic":1}],"gesture_schedule":[{"controller":"Base","type":"Base_Attention_2","pose":1,"relative":0,"periodic":0,"phase":"pre","start":306,"duration":895},{"controller":"Base","type":"Base_Basepose_1_1","pose":1,"relative":0,"periodic":0,"phase":"pre","start":1913,"duration":611},{"controller":"FullBody1","type":"Other_CantHear","pose":0,"relative":0,"periodic":0,"phase":"pre","start":657,"duration":830},{"controller":"FullBody1","type":"Other_CantHear","pose":0,"relative":0,"periodic":0,"phase":"stroke","start":1487,"duration":426},{"controller":"FullBody1","type":"Other_CantHear","pose":0,"relative":0,"periodic":0,"phase":"relax","start":1913,"duration":611},{"controller":"RArm1","type":"Point_Direction_RArm_Left","pose":0,"relative":0,"periodic":0,"phase":"pre","start":0,"duration":540},{"controller":"RArm1","type":"Point_Direction_RArm_Left","pose":0,"relative":0,"periodic":0,"phase":"stroke","start":540,"duration":519},{"controller":"RArm1","type":"Point_Direction_RArm_Left","pose":0,"relative":0,"periodic":0,"phase":"relax","start":1059,"duration":428},{"controller":"RArm1","type":"Hand_Fist_Make_4_3","pose":0,"relative":0,"periodic":0,"phase":"pre","start":2173,"duration":351},{"controller":"RArm1","type":"Hand_Fist_Make_4_3","pose":0,"relative":0,"periodic":0,"phase":"stroke","start":2524,"duration":460},{"controller":"RArm1","type":"Hand_Fist_Make_4_3","pose":0,"relative":0,"periodic":0,"phase":"relax","start":3098,"duration":684},{"controller":"Head1","type":"Head_NodDown_3","pose":0,"relative":1,"periodic":1,"phase":"stroke","start":2290,"duration":352},{"controller":"Head1","type":"Head_NodDown_3","pose":0,"relative":1,"periodic":1,"phase":"stroke","start":2642,"duration":342}],"face":[{"controller":"Face","type":"Smile","relax":[],"stroke":[["t0","t2"]]},{"controller":"Face","type":"Hopeful","relax":[],"stroke":[["t18","t20"]]},{"controller":"Face","type":"Smile","relax":[],"stroke":[["t21","t23"]]},{"controller":"Face","type":"Smile","relax":[["t26","t27"]],"stroke":[]}],"face_schedule":[{"controller":"Face","type":"Smile","duration":423,"phase":"stroke","start":0},{"controller":"Face","type":"Hopeful","duration":232,"phase":"stroke","start":2524},{"controller":"Face","type":"Smile","duration":228,"phase":"stroke","start":2870},{"controller":"Face","type":"Smile","duration":190,"phase":"relax","start":3592}],"command":[],"command_schedule":[],"ui":[],"SpecialCommands":null,"audio_id":"intro-service-1-06","audio_schedule":[{"type":"start","time":300},{"type":"stop","time":4035}],"ui_schedule":[],"duration":4435,"name":"action","sound_schedule":[],"Description":"","Date":"2019.09.16-12.46.37","sound":[]}}