{"Script":{"line":"마지막은 제 친구인 구로봇입니다","line_timestamp":"마지막은 제 친구인 구로봇입니다","gesture":[{"controller":"Base","type":"Base_Basepose_1_1","pre":[["t0","t1"]],"stroke":[],"relax":[],"pose":1,"relative":0,"periodic":0},{"controller":"FullBody1","type":"UpperBody_TwistR_2","pre":[],"stroke":[["t7","t10"]],"relax":[["t10","t13"]],"pose":0,"relative":1,"periodic":0},{"controller":"FullBody2","type":"UpperBody_TwistL_2","pre":[],"stroke":[["t12","t15"]],"relax":[["t15","t17"]],"pose":0,"relative":1,"periodic":0},{"controller":"BothArm1","type":"Hand_BothSide_MakePose_3_2","pre":[["t6","t10"]],"stroke":[],"relax":[],"pose":1,"relative":0,"periodic":0},{"controller":"RArm1","type":"Hand_Down_End_3_3_2_1","pre":[["t0","t2"]],"stroke":[["t2","t6"]],"relax":[["t6","t9"]],"pose":0,"relative":0,"periodic":0}],"gesture_schedule":[{"controller":"Base","type":"Base_Basepose_1_1","pose":1,"relative":0,"periodic":0,"phase":"pre","start":6,"duration":119},{"controller":"FullBody1","type":"UpperBody_TwistR_2","pose":0,"relative":1,"periodic":0,"phase":"stroke","start":801,"duration":381},{"controller":"FullBody1","type":"UpperBody_TwistR_2","pose":0,"relative":1,"periodic":0,"phase":"relax","start":1182,"duration":480},{"controller":"FullBody2","type":"UpperBody_TwistL_2","pose":0,"relative":1,"periodic":0,"phase":"stroke","start":1487,"duration":525},{"controller":"FullBody2","type":"UpperBody_TwistL_2","pose":0,"relative":1,"periodic":0,"phase":"relax","start":2012,"duration":352},{"controller":"BothArm1","type":"Hand_BothSide_MakePose_3_2","pose":1,"relative":0,"periodic":0,"phase":"pre","start":702,"duration":480},{"controller":"RArm1","type":"Hand_Down_End_3_3_2_1","pose":0,"relative":0,"periodic":0,"phase":"pre","start":6,"duration":238},{"controller":"RArm1","type":"Hand_Down_End_3_3_2_1","pose":0,"relative":0,"periodic":0,"phase":"stroke","start":244,"duration":458},{"controller":"RArm1","type":"Hand_Down_End_3_3_2_1","pose":0,"relative":0,"periodic":0,"phase":"relax","start":702,"duration":353}],"face":[{"controller":"Face","type":"Amused","relax":[],"stroke":[["t1","t3"]]},{"controller":"Face","type":"Amused","relax":[["t9","t11"]],"stroke":[]},{"controller":"Face","type":"Smile","relax":[],"stroke":[["t16","t17"]]}],"face_schedule":[{"controller":"Face","type":"Amused","duration":238,"phase":"stroke","start":125},{"controller":"Face","type":"Amused","duration":257,"phase":"relax","start":1055},{"controller":"Face","type":"Smile","duration":177,"phase":"stroke","start":2187}],"command":[],"command_schedule":[],"ui":[],"SpecialCommands":null,"audio_id":"intro-service-1-20","audio_schedule":[{"type":"start","time":0},{"type":"stop","time":2429}],"ui_schedule":[],"duration":2429,"name":"action","sound_schedule":[],"Description":"","Date":"2019.09.16-12.28.19","sound":[]}}