{"ID":"0","Script":{"line":"궁금하신 것이 있으시면","line_timestamp":"궁금하신 것이 있으시면","gesture":null,"command_schedule":null,"face":null,"gesture_schedule":null,"blink":null,"face_schedule":null,"command":null,"blink_schedule":null,"ui":null,"SpecialCommands":null,"audio_id":"intro-airi-1-07","audio_schedule":[{"type":"start","time":0},{"type":"stop","time":1671}],"panel_schedule":null,"duration":1671,"name":"action","Flag":null,"NonTextTimestamp":null,"Description":"","Date":""}}