{"ID":"0","Script":{"line":"저는  안내를 맡고 있는 인공지능 안내자 아이리라고 합니다","line_timestamp":"저는  안내를 맡고 있는 인공지능 안내자 아이리라고 합니다","gesture":null,"command_schedule":null,"face":null,"gesture_schedule":null,"blink":null,"face_schedule":null,"command":null,"blink_schedule":null,"ui":null,"SpecialCommands":null,"audio_id":"intro-greeting-1-03","audio_schedule":[{"type":"start","time":0},{"type":"stop","time":3631}],"panel_schedule":null,"duration":3631,"name":"action","Flag":null,"NonTextTimestamp":null,"Description":"","Date":""}}