{"Script":{"line":"체험해 보시길 바랍니다","line_timestamp":"체험해 보시길 바랍니다*700","gesture":[{"controller":"Base","type":"Base_Basepose_1_1","pre":[["t0","t4"]],"stroke":[],"relax":[],"pose":1,"relative":0,"periodic":0},{"controller":"FullBody1","type":"Other_Pray","pre":[["t0","t4"]],"stroke":[["t4","t6"]],"relax":[],"pose":0,"relative":0,"periodic":0},{"controller":"FullBody1","type":"Other_Pray","pre":[],"stroke":[],"relax":[["t8","t12"]],"pose":0,"relative":0,"periodic":0},{"controller":"Head1","type":"Head_NodDown_3","pre":[],"stroke":[["t4","t8"]],"relax":[],"pose":0,"relative":1,"periodic":1}],"gesture_schedule":[{"controller":"Base","type":"Base_Basepose_1_1","pose":1,"relative":0,"periodic":0,"phase":"pre","start":6,"duration":416},{"controller":"FullBody1","type":"Other_Pray","pose":0,"relative":0,"periodic":0,"phase":"pre","start":6,"duration":416},{"controller":"FullBody1","type":"Other_Pray","pose":0,"relative":0,"periodic":0,"phase":"stroke","start":422,"duration":208},{"controller":"FullBody1","type":"Other_Pray","pose":0,"relative":0,"periodic":0,"phase":"relax","start":843,"duration":759},{"controller":"Head1","type":"Head_NodDown_3","pose":0,"relative":1,"periodic":1,"phase":"stroke","start":422,"duration":421}],"face":[{"controller":"Face","type":"Amused","relax":[],"stroke":[["t2","t4"]]},{"controller":"Face","type":"Amused","relax":[["t11","t12"]],"stroke":[]}],"face_schedule":[{"controller":"Face","type":"Amused","duration":208,"phase":"stroke","start":214},{"controller":"Face","type":"Amused","duration":192,"phase":"relax","start":1410}],"command":[],"command_schedule":[],"ui":[],"SpecialCommands":null,"audio_id":"intro-service-1-15","audio_schedule":[{"type":"start","time":0},{"type":"stop","time":1671}],"ui_schedule":[],"duration":2371,"name":"action","sound_schedule":[],"Description":"","Date":"2019.09.16-12.28.19","sound":[]}}