{"ID":"0","Script":{"line":"그리고 입장을 안내해 드립니다","line_timestamp":"그리고 입장을 안내해 드립니다","gesture":null,"command_schedule":null,"face":null,"gesture_schedule":null,"blink":null,"face_schedule":null,"command":null,"blink_schedule":null,"ui":null,"SpecialCommands":null,"audio_id":"intro-airi-1-06","audio_schedule":[{"type":"start","time":0},{"type":"stop","time":1985}],"panel_schedule":null,"duration":1985,"name":"action","Flag":null,"NonTextTimestamp":null,"Description":"","Date":""}}