{"Script":{"line":"구로구의 현황을 한 눈에 보실 수 있는","line_timestamp":"구로구의 현황을 한 눈에 보실 수 있는","gesture":[{"controller":"Base","type":"Base_Basepose_1_1","pre":[["t0","t4"]],"stroke":[],"relax":[],"pose":1,"relative":0,"periodic":0},{"controller":"FullBody1","type":"UpperBody_Push_2","pre":[],"stroke":[["t8","t13"]],"relax":[],"pose":0,"relative":1,"periodic":0},{"controller":"FullBody1","type":"UpperBody_Push_2","pre":[],"stroke":[],"relax":[["t17","t21"]],"pose":0,"relative":1,"periodic":0},{"controller":"BothArm1","type":"Hand_BothUp_Make_2_4_3_2","pre":[],"stroke":[["t0","t5"]],"relax":[["t5","t9"]],"pose":0,"relative":0,"periodic":0},{"controller":"RArm1","type":"Hand_Ok_Make_4_3","pre":[["t5","t10"]],"stroke":[["t10","t16"]],"relax":[["t16","t21"]],"pose":0,"relative":0,"periodic":0},{"controller":"RArm2","type":"Point_Who_RArm_Yous_1","pre":[["t16","t21"]],"stroke":[],"relax":[],"pose":0,"relative":0,"periodic":0},{"controller":"LArm1","type":"Hand_Ok_Make_4_3","pre":[["t5","t10"]],"stroke":[["t10","t16"]],"relax":[["t16","t21"]],"pose":0,"relative":0,"periodic":0},{"controller":"Head1","type":"Head_Shake_2","pre":[],"stroke":[["t0","t9"]],"relax":[],"pose":0,"relative":1,"periodic":1}],"gesture_schedule":[{"controller":"Base","type":"Base_Basepose_1_1","pose":1,"relative":0,"periodic":0,"phase":"pre","start":6,"duration":464},{"controller":"FullBody1","type":"UpperBody_Push_2","pose":0,"relative":1,"periodic":0,"phase":"stroke","start":925,"duration":435},{"controller":"FullBody1","type":"UpperBody_Push_2","pose":0,"relative":1,"periodic":0,"phase":"relax","start":1753,"duration":638},{"controller":"BothArm1","type":"Hand_BothUp_Make_2_4_3_2","pose":0,"relative":0,"periodic":0,"phase":"stroke","start":6,"duration":580},{"controller":"BothArm1","type":"Hand_BothUp_Make_2_4_3_2","pose":0,"relative":0,"periodic":0,"phase":"relax","start":586,"duration":455},{"controller":"RArm1","type":"Hand_Ok_Make_4_3","pose":0,"relative":0,"periodic":0,"phase":"pre","start":586,"duration":523},{"controller":"RArm1","type":"Hand_Ok_Make_4_3","pose":0,"relative":0,"periodic":0,"phase":"stroke","start":1109,"duration":542},{"controller":"RArm1","type":"Hand_Ok_Make_4_3","pose":0,"relative":0,"periodic":0,"phase":"relax","start":1651,"duration":740},{"controller":"RArm2","type":"Point_Who_RArm_Yous_1","pose":0,"relative":0,"periodic":0,"phase":"pre","start":1651,"duration":740},{"controller":"LArm1","type":"Hand_Ok_Make_4_3","pose":0,"relative":0,"periodic":0,"phase":"pre","start":586,"duration":523},{"controller":"LArm1","type":"Hand_Ok_Make_4_3","pose":0,"relative":0,"periodic":0,"phase":"stroke","start":1109,"duration":542},{"controller":"LArm1","type":"Hand_Ok_Make_4_3","pose":0,"relative":0,"periodic":0,"phase":"relax","start":1651,"duration":740},{"controller":"Head1","type":"Head_Shake_2","pose":0,"relative":1,"periodic":1,"phase":"stroke","start":6,"duration":1035}],"face":[{"controller":"Face","type":"Proud","relax":[],"stroke":[["t2","t4"]]},{"controller":"Face","type":"Amused","relax":[],"stroke":[["t9","t11"]]},{"controller":"Face","type":"Hopeful","relax":[],"stroke":[["t19","t21"]]}],"face_schedule":[{"controller":"Face","type":"Proud","duration":232,"phase":"stroke","start":238},{"controller":"Face","type":"Amused","duration":137,"phase":"stroke","start":1041},{"controller":"Face","type":"Hopeful","duration":478,"phase":"stroke","start":1913}],"command":[],"command_schedule":[],"ui":[],"SpecialCommands":null,"audio_id":"intro-service-1-10","audio_schedule":[{"type":"start","time":0},{"type":"stop","time":2455}],"ui_schedule":[],"duration":2455,"name":"action","sound_schedule":[],"Description":"","Date":"2019.09.16-12.28.19","sound":[]}}