{"ID":"0","Script":{"line":"상세히 말씀 드리겠습니다","line_timestamp":"상세히 말씀 드리겠습니다","gesture":null,"command_schedule":null,"face":null,"gesture_schedule":null,"blink":null,"face_schedule":null,"command":null,"blink_schedule":null,"ui":null,"SpecialCommands":null,"audio_id":"intro-button-3-03","audio_schedule":[{"type":"start","time":0},{"type":"stop","time":1985}],"panel_schedule":null,"duration":1985,"name":"action","Flag":null,"NonTextTimestamp":null,"Description":"","Date":""}}