{"Script":{"line":"구로구민들 누구나 자신의 작품을 전시할 수 있는","line_timestamp":"구로구민들 누구나 자신의 작품을 전시할 수 있는*400","gesture":[{"controller":"Base","type":"Base_Basepose_1_1","pre":[["t0","t4"]],"stroke":[],"relax":[],"pose":1,"relative":0,"periodic":0},{"controller":"BothArm1","type":"Object_Shape_Rect_3","pre":[["t3","t9"]],"stroke":[["t9","t15"],["t15","t21"]],"relax":[],"pose":0,"relative":0,"periodic":0},{"controller":"BothArm1","type":"Object_Shape_Rect_3","pre":[],"stroke":[],"relax":[["t23","t25"]],"pose":0,"relative":0,"periodic":0},{"controller":"Head1","type":"Head_NodDown_3","pre":[],"stroke":[["t10","t15"]],"relax":[],"pose":0,"relative":1,"periodic":1},{"controller":"Head1","type":"Head_NodDown_3","pre":[],"stroke":[],"relax":[["t23","t27"]],"pose":0,"relative":1,"periodic":1},{"controller":"Head1","type":"Head_TiltR_2","pre":[],"stroke":[["t0","t5"],["t5","t9"]],"relax":[],"pose":0,"relative":1,"periodic":1}],"gesture_schedule":[{"controller":"Base","type":"Base_Basepose_1_1","pose":1,"relative":0,"periodic":0,"phase":"pre","start":6,"duration":480},{"controller":"BothArm1","type":"Object_Shape_Rect_3","pose":0,"relative":0,"periodic":0,"phase":"pre","start":366,"duration":650},{"controller":"BothArm1","type":"Object_Shape_Rect_3","pose":0,"relative":0,"periodic":0,"phase":"stroke","start":1016,"duration":660},{"controller":"BothArm1","type":"Object_Shape_Rect_3","pose":0,"relative":0,"periodic":0,"phase":"stroke","start":1676,"duration":629},{"controller":"BothArm1","type":"Object_Shape_Rect_3","pose":0,"relative":0,"periodic":0,"phase":"relax","start":2513,"duration":345},{"controller":"Head1","type":"Head_NodDown_3","pose":0,"relative":1,"periodic":1,"phase":"stroke","start":1112,"duration":564},{"controller":"Head1","type":"Head_NodDown_3","pose":0,"relative":1,"periodic":1,"phase":"relax","start":2513,"duration":984},{"controller":"Head1","type":"Head_TiltR_2","pose":0,"relative":1,"periodic":1,"phase":"stroke","start":6,"duration":600},{"controller":"Head1","type":"Head_TiltR_2","pose":0,"relative":1,"periodic":1,"phase":"stroke","start":606,"duration":410}],"face":[{"controller":"Face","type":"Hopeful","relax":[],"stroke":[["t8","t10"]]},{"controller":"Face","type":"Hopeful","relax":[["t23","t25"]],"stroke":[]}],"face_schedule":[{"controller":"Face","type":"Hopeful","duration":192,"phase":"stroke","start":920},{"controller":"Face","type":"Hopeful","duration":345,"phase":"relax","start":2513}],"command":[],"command_schedule":[],"ui":[],"SpecialCommands":null,"audio_id":"intro-service-1-18","audio_schedule":[{"type":"start","time":0},{"type":"stop","time":3160}],"ui_schedule":[],"duration":3560,"name":"action","sound_schedule":[],"Description":"","Date":"2019.09.16-12.28.19","sound":[]}}