{"Script":{"line":"구로 인근의 주요 관광 정보를","line_timestamp":"구로 인근의 주요 관광 정보를","gesture":[{"controller":"Base","type":"Base_Basepose_1_1","pre":[["t0","t5"]],"stroke":[],"relax":[],"pose":1,"relative":0,"periodic":0},{"controller":"BothArm1","type":"Point_Who_BothArm_Yous_1","pre":[["t0","t5"]],"stroke":[["t5","t12"]],"relax":[["t12","t16"]],"pose":0,"relative":0,"periodic":0},{"controller":"RArm1","type":"Point_Direction_RArm_Front","pre":[["t13","t16"]],"stroke":[],"relax":[],"pose":0,"relative":0,"periodic":0},{"controller":"Head1","type":"Head_Shake_3","pre":[],"stroke":[["t0","t16"]],"relax":[],"pose":0,"relative":1,"periodic":1},{"controller":"Head2","type":"Head_NodDown_3","pre":[],"stroke":[["t4","t10"]],"relax":[],"pose":0,"relative":1,"periodic":1},{"controller":"Head2","type":"Head_NodDown_3","pre":[],"stroke":[["t13","t16"]],"relax":[],"pose":0,"relative":1,"periodic":1}],"gesture_schedule":[{"controller":"Base","type":"Base_Basepose_1_1","pose":1,"relative":0,"periodic":0,"phase":"pre","start":6,"duration":433},{"controller":"BothArm1","type":"Point_Who_BothArm_Yous_1","pose":0,"relative":0,"periodic":0,"phase":"pre","start":6,"duration":433},{"controller":"BothArm1","type":"Point_Who_BothArm_Yous_1","pose":0,"relative":0,"periodic":0,"phase":"stroke","start":439,"duration":725},{"controller":"BothArm1","type":"Point_Who_BothArm_Yous_1","pose":0,"relative":0,"periodic":0,"phase":"relax","start":1164,"duration":781},{"controller":"RArm1","type":"Point_Direction_RArm_Front","pose":0,"relative":0,"periodic":0,"phase":"pre","start":1281,"duration":664},{"controller":"Head1","type":"Head_Shake_3","pose":0,"relative":1,"periodic":1,"phase":"stroke","start":6,"duration":1939},{"controller":"Head2","type":"Head_NodDown_3","pose":0,"relative":1,"periodic":1,"phase":"stroke","start":344,"duration":590},{"controller":"Head2","type":"Head_NodDown_3","pose":0,"relative":1,"periodic":1,"phase":"stroke","start":1281,"duration":664}],"face":[{"controller":"Face","type":"Hopeful","relax":null,"stroke":[["t0","t2"]]},{"controller":"Face","type":"Amused","relax":null,"stroke":[["t6","t8"]]},{"controller":"Face","type":"Hopeful","relax":null,"stroke":[["t14","t16"]]}],"face_schedule":[{"controller":"Face","type":"Hopeful","duration":162,"phase":"stroke","start":6},{"controller":"Face","type":"Amused","duration":198,"phase":"stroke","start":534},{"controller":"Face","type":"Hopeful","duration":443,"phase":"stroke","start":1502}],"command":[],"command_schedule":[],"ui":[],"SpecialCommands":null,"audio_id":"intro-service-1-07","audio_schedule":[{"type":"start","time":0},{"type":"stop","time":2011}],"ui_schedule":[],"duration":2011,"name":"action","sound_schedule":[],"Description":"","Date":"2019.09.16-12.28.19","sound":[]}}