{"ID":"0","Script":{"line":"있으시면 아래 메뉴를 클릭해 주세요","line_timestamp":"있으시면 아래 메뉴를 클릭해 주세요","gesture":null,"command_schedule":null,"face":null,"gesture_schedule":null,"blink":null,"face_schedule":null,"command":null,"blink_schedule":null,"ui":null,"SpecialCommands":null,"audio_id":"intro-button-2-02","audio_schedule":[{"type":"start","time":0},{"type":"stop","time":2716}],"panel_schedule":null,"duration":2716,"name":"action","Flag":null,"NonTextTimestamp":null,"Description":"","Date":""}}