{"ID":"0","Script":{"line":"서비스에 대한 자세한 소개는","line_timestamp":"서비스에 대한 자세한 소개는","gesture":null,"command_schedule":null,"face":null,"gesture_schedule":null,"blink":null,"face_schedule":null,"command":null,"blink_schedule":null,"ui":null,"SpecialCommands":null,"audio_id":"intro-button-3-01","audio_schedule":[{"type":"start","time":0},{"type":"stop","time":2115}],"panel_schedule":null,"duration":2115,"name":"action","Flag":null,"NonTextTimestamp":null,"Description":"","Date":""}}