{"Script":{"line":"스마트 구로 서비스를 전시하고 있으니","line_timestamp":"스마트 구로 서비스를 전시하고 있으니","gesture":[{"controller":"Base","type":"Base_Basepose_1_1","pre":[["t0","t4"]],"stroke":[],"relax":[],"pose":1,"relative":0,"periodic":0},{"controller":"FullBody1","type":"UpperBody_Push_2","pre":[],"stroke":[["t10","t13"]],"relax":[],"pose":0,"relative":1,"periodic":0},{"controller":"FullBody1","type":"UpperBody_Push_2","pre":[],"stroke":[],"relax":[["t17","t20"]],"pose":0,"relative":1,"periodic":0},{"controller":"BothArm1","type":"Point_Who_BothArm_Yous_1","pre":[],"stroke":[["t0","t8"]],"relax":[],"pose":0,"relative":0,"periodic":0},{"controller":"BothArm1","type":"Point_Who_BothArm_Yous_1","pre":[],"stroke":[],"relax":[["t11","t18"]],"pose":0,"relative":0,"periodic":0},{"controller":"RArm1","type":"Number_Number_1","pre":[["t10","t12"]],"stroke":[["t12","t16"]],"relax":[],"pose":0,"relative":0,"periodic":0},{"controller":"RArm1","type":"Number_Number_1","pre":[],"stroke":[],"relax":[["t17","t20"]],"pose":0,"relative":0,"periodic":0},{"controller":"Head1","type":"Head_TiltL_2","pre":[],"stroke":[["t12","t15"],["t15","t18"]],"relax":[],"pose":0,"relative":1,"periodic":1}],"gesture_schedule":[{"controller":"Base","type":"Base_Basepose_1_1","pose":1,"relative":0,"periodic":0,"phase":"pre","start":6,"duration":438},{"controller":"FullBody1","type":"UpperBody_Push_2","pose":0,"relative":1,"periodic":0,"phase":"stroke","start":1041,"duration":394},{"controller":"FullBody1","type":"UpperBody_Push_2","pose":0,"relative":1,"periodic":0,"phase":"relax","start":2015,"duration":441},{"controller":"BothArm1","type":"Point_Who_BothArm_Yous_1","pose":0,"relative":0,"periodic":0,"phase":"stroke","start":6,"duration":789},{"controller":"BothArm1","type":"Point_Who_BothArm_Yous_1","pose":0,"relative":0,"periodic":0,"phase":"relax","start":1164,"duration":996},{"controller":"RArm1","type":"Number_Number_1","pose":0,"relative":0,"periodic":0,"phase":"pre","start":1041,"duration":249},{"controller":"RArm1","type":"Number_Number_1","pose":0,"relative":0,"periodic":0,"phase":"stroke","start":1290,"duration":580},{"controller":"RArm1","type":"Number_Number_1","pose":0,"relative":0,"periodic":0,"phase":"relax","start":2015,"duration":441},{"controller":"Head1","type":"Head_TiltL_2","pose":0,"relative":1,"periodic":1,"phase":"stroke","start":1290,"duration":435},{"controller":"Head1","type":"Head_TiltL_2","pose":0,"relative":1,"periodic":1,"phase":"stroke","start":1725,"duration":435}],"face":[{"controller":"Face","type":"Hopeful","relax":[],"stroke":[["t3","t4"]]},{"controller":"Face","type":"Amused","relax":[],"stroke":[["t12","t14"]]},{"controller":"Face","type":"Tender","relax":[],"stroke":[["t18","t20"]]}],"face_schedule":[{"controller":"Face","type":"Hopeful","duration":111,"phase":"stroke","start":333},{"controller":"Face","type":"Amused","duration":290,"phase":"stroke","start":1290},{"controller":"Face","type":"Tender","duration":296,"phase":"stroke","start":2160}],"command":[],"command_schedule":[],"ui":[],"SpecialCommands":null,"audio_id":"intro-service-1-14","audio_schedule":[{"type":"start","time":0},{"type":"stop","time":2533}],"ui_schedule":[],"duration":2533,"name":"action","sound_schedule":[],"Description":"","Date":"2019.09.16-12.28.19","sound":[]}}