{"Script":{"line":"저는 홍보관의 안내를 담담하는","line_timestamp":"*400저는 홍보관의 안내를 담담하는","gesture":[{"controller":"Base","type":"Base_Basepose_1_1","pre":[["t0","t1"]],"stroke":null,"relax":null,"pose":1,"relative":0,"periodic":0},{"controller":"Breathing","type":"Breathing_3","pre":[],"stroke":[["t0","t6"]],"relax":null,"pose":0,"relative":1,"periodic":1},{"controller":"Breathing","type":"Breathing_3","pre":[],"stroke":[],"relax":[["t8","t13"]],"pose":0,"relative":1,"periodic":1},{"controller":"RArm1","type":"Point_Who_RArm_Me_1","pre":[["t0","t1"]],"stroke":[["t1","t5"]],"relax":[],"pose":0,"relative":0,"periodic":0},{"controller":"RArm1","type":"Point_Who_RArm_Me_1","pre":[],"stroke":[],"relax":[["t11","t14"]],"pose":0,"relative":0,"periodic":0},{"controller":"RArm2","type":"Point_Who_RArm_You_1","pre":[["t8","t11"]],"stroke":[["t11","t16"]],"relax":[],"pose":0,"relative":0,"periodic":0},{"controller":"Head1","type":"Head_NodDown_2","pre":[],"stroke":[["t0","t2"],["t2","t4"]],"relax":[],"pose":0,"relative":1,"periodic":1}],"gesture_schedule":[{"controller":"Base","type":"Base_Basepose_1_1","pose":1,"relative":0,"periodic":0,"phase":"pre","start":0,"duration":406},{"controller":"Breathing","type":"Breathing_3","pose":0,"relative":1,"periodic":1,"phase":"stroke","start":0,"duration":981},{"controller":"Breathing","type":"Breathing_3","pose":0,"relative":1,"periodic":1,"phase":"relax","start":1217,"duration":521},{"controller":"RArm1","type":"Point_Who_RArm_Me_1","pose":0,"relative":0,"periodic":0,"phase":"pre","start":0,"duration":406},{"controller":"RArm1","type":"Point_Who_RArm_Me_1","pose":0,"relative":0,"periodic":0,"phase":"stroke","start":406,"duration":457},{"controller":"RArm1","type":"Point_Who_RArm_Me_1","pose":0,"relative":0,"periodic":0,"phase":"relax","start":1538,"duration":387},{"controller":"RArm2","type":"Point_Who_RArm_You_1","pose":0,"relative":0,"periodic":0,"phase":"pre","start":1217,"duration":321},{"controller":"RArm2","type":"Point_Who_RArm_You_1","pose":0,"relative":0,"periodic":0,"phase":"stroke","start":1538,"duration":761},{"controller":"Head1","type":"Head_NodDown_2","pose":0,"relative":1,"periodic":1,"phase":"stroke","start":0,"duration":519},{"controller":"Head1","type":"Head_NodDown_2","pose":0,"relative":1,"periodic":1,"phase":"stroke","start":519,"duration":226}],"face":[{"controller":"Face","type":"Hopeful","relax":null,"stroke":[["t0","t1"]]}],"face_schedule":[{"controller":"Face","type":"Hopeful","duration":406,"phase":"stroke","start":0}],"command":[],"command_schedule":[],"ui":[],"SpecialCommands":null,"audio_id":"intro-service-1-03","audio_schedule":[{"type":"start","time":400},{"type":"stop","time":2724}],"ui_schedule":[],"duration":2724,"name":"action","sound_schedule":[],"Description":"","Date":"2019.09.16-12.45.57","sound":[]}}