{"ID":"0","Script":{"line":"아래의 입장 버튼을 누르시면","line_timestamp":"아래의 입장 버튼을 누르시면","gesture":null,"command_schedule":null,"face":null,"gesture_schedule":null,"blink":null,"face_schedule":null,"command":null,"blink_schedule":null,"ui":null,"SpecialCommands":null,"audio_id":"notice-enter-2-01","audio_schedule":[{"type":"start","time":0},{"type":"stop","time":2011}],"panel_schedule":null,"duration":2011,"name":"action","Flag":null,"NonTextTimestamp":null,"Description":"","Date":""}}