{"ID":"0","Script":{"line":"주말에는 운영하지 않습니다","line_timestamp":"주말에는 운영하지 않습니다","gesture":null,"command_schedule":null,"face":null,"gesture_schedule":null,"blink":null,"face_schedule":null,"command":null,"blink_schedule":null,"ui":null,"SpecialCommands":null,"audio_id":"notice-time-1-02","audio_schedule":[{"type":"start","time":0},{"type":"stop","time":1933}],"panel_schedule":null,"duration":1933,"name":"action","Flag":null,"NonTextTimestamp":null,"Description":"","Date":""}}