{"ID":"0","Script":{"line":"점심 시간 동안은 입장이 안되며","line_timestamp":"점심 시간 동안은 입장이 안되며","gesture":null,"command_schedule":null,"face":null,"gesture_schedule":null,"blink":null,"face_schedule":null,"command":null,"blink_schedule":null,"ui":null,"SpecialCommands":null,"audio_id":"notice-time-2-01","audio_schedule":[{"type":"start","time":0},{"type":"stop","time":2246}],"panel_schedule":null,"duration":2246,"name":"action","Flag":null,"NonTextTimestamp":null,"Description":"","Date":""}}