{"ID":"0","Script":{"line":"지금부터 홍보관 방문은 제한이 됩니다","line_timestamp":"지금부터 홍보관 방문은 제한이 됩니다","gesture":null,"command_schedule":null,"face":null,"gesture_schedule":null,"blink":null,"face_schedule":null,"command":null,"blink_schedule":null,"ui":null,"SpecialCommands":null,"audio_id":"notice-close-1-02","audio_schedule":[{"type":"start","time":0},{"type":"stop","time":2742}],"panel_schedule":null,"duration":2742,"name":"action","Flag":null,"NonTextTimestamp":null,"Description":"","Date":""}}