{"ID":"0","Script":{"line":"잠시 후 열시에 스마트 구로 홍보관이 개장할 예정입니다","line_timestamp":"잠시 후 열시에 스마트 구로 홍보관이 개장할 예정입니다","gesture":null,"command_schedule":null,"face":null,"gesture_schedule":null,"blink":null,"face_schedule":null,"command":null,"blink_schedule":null,"ui":null,"SpecialCommands":null,"audio_id":"notice-open-1-01","audio_schedule":[{"type":"start","time":0},{"type":"stop","time":3892}],"panel_schedule":null,"duration":3892,"name":"action","Flag":null,"NonTextTimestamp":null,"Description":"","Date":""}}