{"ID":"0","Script":{"line":"오후 여섯시 삽십분부터 입장이 제한되오니","line_timestamp":"오후 여섯시 삽십분부터 입장이 제한되오니","gesture":null,"command_schedule":null,"face":null,"gesture_schedule":null,"blink":null,"face_schedule":null,"command":null,"blink_schedule":null,"ui":null,"SpecialCommands":null,"audio_id":"notice-time-3-01","audio_schedule":[{"type":"start","time":0},{"type":"stop","time":3030}],"panel_schedule":null,"duration":3030,"name":"action","Flag":null,"NonTextTimestamp":null,"Description":"","Date":""}}