{"ID":"0","Script":{"line":"아래의 입장 버튼을 눌러주세요","line_timestamp":"아래의 입장 버튼을 눌러주세요","gesture":null,"command_schedule":null,"face":null,"gesture_schedule":null,"blink":null,"face_schedule":null,"command":null,"blink_schedule":null,"ui":null,"SpecialCommands":null,"audio_id":"notice-enter-1-03","audio_schedule":[{"type":"start","time":0},{"type":"stop","time":2142}],"panel_schedule":null,"duration":2142,"name":"action","Flag":null,"NonTextTimestamp":null,"Description":"","Date":""}}