{"ID":"0","Script":{"line":"안에 계신 분들은 퇴장이 가능합니다","line_timestamp":"안에 계신 분들은 퇴장이 가능합니다","gesture":null,"command_schedule":null,"face":null,"gesture_schedule":null,"blink":null,"face_schedule":null,"command":null,"blink_schedule":null,"ui":null,"SpecialCommands":null,"audio_id":"notice-time-2-02","audio_schedule":[{"type":"start","time":0},{"type":"stop","time":2560}],"panel_schedule":null,"duration":2560,"name":"action","Flag":null,"NonTextTimestamp":null,"Description":"","Date":""}}