{"ID":"0","Script":{"line":"지금부터 스마트 구로 홍보관을 개장하겠습니다","line_timestamp":"지금부터 스마트 구로 홍보관을 개장하겠습니다","gesture":null,"command_schedule":null,"face":null,"gesture_schedule":null,"blink":null,"face_schedule":null,"command":null,"blink_schedule":null,"ui":null,"SpecialCommands":null,"audio_id":"notice-open-2-01","audio_schedule":[{"type":"start","time":0},{"type":"stop","time":3265}],"panel_schedule":null,"duration":3265,"name":"action","Flag":null,"NonTextTimestamp":null,"Description":"","Date":""}}