{"ID":"0","Script":{"line":"양해 부탁드립니다","line_timestamp":"양해 부탁드립니다","gesture":null,"command_schedule":null,"face":null,"gesture_schedule":null,"blink":null,"face_schedule":null,"command":null,"blink_schedule":null,"ui":null,"SpecialCommands":null,"audio_id":"notice-time-3-02","audio_schedule":[{"type":"start","time":0},{"type":"stop","time":1436}],"panel_schedule":null,"duration":1436,"name":"action","Flag":null,"NonTextTimestamp":null,"Description":"","Date":""}}