{"ID":"0","Script":{"line":"홍보관 운영 시간은 오전 열시부터 오후 입곱시까지이며","line_timestamp":"홍보관 운영 시간은 오전 열시부터 오후 입곱시까지이며","gesture":null,"command_schedule":null,"face":null,"gesture_schedule":null,"blink":null,"face_schedule":null,"command":null,"blink_schedule":null,"ui":null,"SpecialCommands":null,"audio_id":"notice-time-1-01","audio_schedule":[{"type":"start","time":0},{"type":"stop","time":3944}],"panel_schedule":null,"duration":3944,"name":"action","Flag":null,"NonTextTimestamp":null,"Description":"","Date":""}}