{"ID":"0","Script":{"line":"간단한 설문 참여 후 입장 하실 수 있습니다","line_timestamp":"간단한 설문 참여 후 입장 하실 수 있습니다","gesture":null,"command_schedule":null,"face":null,"gesture_schedule":null,"blink":null,"face_schedule":null,"command":null,"blink_schedule":null,"ui":null,"SpecialCommands":null,"audio_id":"notice-enter-2-02","audio_schedule":[{"type":"start","time":0},{"type":"stop","time":3004}],"panel_schedule":null,"duration":3004,"name":"action","Flag":null,"NonTextTimestamp":null,"Description":"","Date":""}}