{"ID":"0","Script":{"line":"스마트 구로 홍보관 방문을 위해서는","line_timestamp":"스마트 구로 홍보관 방문을 위해서는","gesture":null,"command_schedule":null,"face":null,"gesture_schedule":null,"blink":null,"face_schedule":null,"command":null,"blink_schedule":null,"ui":null,"SpecialCommands":null,"audio_id":"notice-enter-1-01","audio_schedule":[{"type":"start","time":0},{"type":"stop","time":2533}],"panel_schedule":null,"duration":2533,"name":"action","Flag":null,"NonTextTimestamp":null,"Description":"","Date":""}}