{"ID":"0","Script":{"line":"잠시 후 일곱시에 홍보관의 운영이 종료될 예정이며","line_timestamp":"잠시 후 일곱시에 홍보관의 운영이 종료될 예정이며","gesture":null,"command_schedule":null,"face":null,"gesture_schedule":null,"blink":null,"face_schedule":null,"command":null,"blink_schedule":null,"ui":null,"SpecialCommands":null,"audio_id":"notice-close-1-01","audio_schedule":[{"type":"start","time":0},{"type":"stop","time":3578}],"panel_schedule":null,"duration":3578,"name":"action","Flag":null,"NonTextTimestamp":null,"Description":"","Date":""}}