{"ID":"0","Script":{"line":"보다 나은 구로를 만들겟습니다","line_timestamp":"보다 나은 구로를 만들겟습니다","gesture":null,"command_schedule":null,"face":null,"gesture_schedule":null,"blink":null,"face_schedule":null,"command":null,"blink_schedule":null,"ui":null,"SpecialCommands":null,"audio_id":"smart-archiving-1-13","audio_schedule":[{"type":"start","time":0},{"type":"stop","time":2089}],"panel_schedule":null,"duration":2089,"name":"action","Flag":null,"NonTextTimestamp":null,"Description":"","Date":""}}