{"ID":"0","Script":{"line":"제 바로 옆에 있는","line_timestamp":"제 바로 옆에 있는","gesture":null,"command_schedule":null,"face":null,"gesture_schedule":null,"blink":null,"face_schedule":null,"command":null,"blink_schedule":null,"ui":null,"SpecialCommands":null,"audio_id":"smart-archiving-1-01","audio_schedule":[{"type":"start","time":0},{"type":"stop","time":1332}],"panel_schedule":null,"duration":1332,"name":"action","Flag":null,"NonTextTimestamp":null,"Description":"","Date":""}}