{"ID":"0","Script":{"line":"시민 스스로 제안하고 같이 해결할 수도 있습니다","line_timestamp":"시민 스스로 제안하고 같이 해결할 수도 있습니다","gesture":null,"command_schedule":null,"face":null,"gesture_schedule":null,"blink":null,"face_schedule":null,"command":null,"blink_schedule":null,"ui":null,"SpecialCommands":null,"audio_id":"smart-archiving-1-11","audio_schedule":[{"type":"start","time":0},{"type":"stop","time":3108}],"panel_schedule":null,"duration":3108,"name":"action","Flag":null,"NonTextTimestamp":null,"Description":"","Date":""}}