{"ID":"0","Script":{"line":"모든 데이터를 연결하고 있습니다","line_timestamp":"모든 데이터를 연결하고 있습니다","gesture":null,"command_schedule":null,"face":null,"gesture_schedule":null,"blink":null,"face_schedule":null,"command":null,"blink_schedule":null,"ui":null,"SpecialCommands":null,"audio_id":"smart-archiving-1-08","audio_schedule":[{"type":"start","time":0},{"type":"stop","time":2272}],"panel_schedule":null,"duration":2272,"name":"action","Flag":null,"NonTextTimestamp":null,"Description":"","Date":""}}