{"ID":"0","Script":{"line":"구로구의 과거 현재 미래를 볼 수 있는 체험 홍보관입니다","line_timestamp":"구로구의 과거 현재 미래를 볼 수 있는 체험 홍보관입니다","gesture":null,"command_schedule":null,"face":null,"gesture_schedule":null,"blink":null,"face_schedule":null,"command":null,"blink_schedule":null,"ui":null,"SpecialCommands":null,"audio_id":"smart-guro-1-04","audio_schedule":[{"type":"start","time":0},{"type":"stop","time":4310}],"panel_schedule":null,"duration":4310,"name":"action","Flag":null,"NonTextTimestamp":null,"Description":"","Date":""}}