{"ID":"0","Script":{"line":"몰카 탐지기 청각약자 웨어러블 기기 등이 전시되어 있습니다","line_timestamp":"몰카 탐지기 청각약자 웨어러블 기기 등이 전시되어 있습니다","gesture":null,"command_schedule":null,"face":null,"gesture_schedule":null,"blink":null,"face_schedule":null,"command":null,"blink_schedule":null,"ui":null,"SpecialCommands":null,"audio_id":"smart-service-1-05","audio_schedule":[{"type":"start","time":0},{"type":"stop","time":4388}],"panel_schedule":null,"duration":4388,"name":"action","Flag":null,"NonTextTimestamp":null,"Description":"","Date":""}}