{"ID":"0","Script":{"line":"스마트 도시 구로의 지속적인 발전을 기대해 주십시오","line_timestamp":"스마트 도시 구로의 지속적인 발전을 기대해 주십시오","gesture":null,"command_schedule":null,"face":null,"gesture_schedule":null,"blink":null,"face_schedule":null,"command":null,"blink_schedule":null,"ui":null,"SpecialCommands":null,"audio_id":"smart-service-1-11","audio_schedule":[{"type":"start","time":0},{"type":"stop","time":3448}],"panel_schedule":null,"duration":3448,"name":"action","Flag":null,"NonTextTimestamp":null,"Description":"","Date":""}}