{"ID":"0","Script":{"line":"구로의 명소로 발전할 수 있도록 노력하겠습니다","line_timestamp":"구로의 명소로 발전할 수 있도록 노력하겠습니다","gesture":null,"command_schedule":null,"face":null,"gesture_schedule":null,"blink":null,"face_schedule":null,"command":null,"blink_schedule":null,"ui":null,"SpecialCommands":null,"audio_id":"smart-guro-1-13","audio_schedule":[{"type":"start","time":0},{"type":"stop","time":3160}],"panel_schedule":null,"duration":3160,"name":"action","Flag":null,"NonTextTimestamp":null,"Description":"","Date":""}}