{"ID":"0","Script":{"line":"스마트 도시 서비스를 자연스럽게 접할 수 있도록","line_timestamp":"스마트 도시 서비스를 자연스럽게 접할 수 있도록","gesture":null,"command_schedule":null,"face":null,"gesture_schedule":null,"blink":null,"face_schedule":null,"command":null,"blink_schedule":null,"ui":null,"SpecialCommands":null,"audio_id":"smart-guro-1-06","audio_schedule":[{"type":"start","time":0},{"type":"stop","time":3134}],"panel_schedule":null,"duration":3134,"name":"action","Flag":null,"NonTextTimestamp":null,"Description":"","Date":""}}