{"ID":"0","Script":{"line":"이천십구년 구월 개관 이후 지속적인 개선과 유지관리를 통해","line_timestamp":"이천십구년 구월 개관 이후 지속적인 개선과 유지관리를 통해","gesture":null,"command_schedule":null,"face":null,"gesture_schedule":null,"blink":null,"face_schedule":null,"command":null,"blink_schedule":null,"ui":null,"SpecialCommands":null,"audio_id":"smart-guro-1-11","audio_schedule":[{"type":"start","time":0},{"type":"stop","time":4101}],"panel_schedule":null,"duration":4101,"name":"action","Flag":null,"NonTextTimestamp":null,"Description":"","Date":""}}