{"ID":"0","Script":{"line":"스마트 구로 홍보관은","line_timestamp":"스마트 구로 홍보관은","gesture":null,"command_schedule":null,"face":null,"gesture_schedule":null,"blink":null,"face_schedule":null,"command":null,"blink_schedule":null,"ui":null,"SpecialCommands":null,"audio_id":"smart-guro-1-03","audio_schedule":[{"type":"start","time":0},{"type":"stop","time":1645}],"panel_schedule":null,"duration":1645,"name":"action","Flag":null,"NonTextTimestamp":null,"Description":"","Date":""}}