{"ID":"0","Script":{"line":"구로 스마트시티는","line_timestamp":"구로 스마트시티는","gesture":null,"command_schedule":null,"face":null,"gesture_schedule":null,"blink":null,"face_schedule":null,"command":null,"blink_schedule":null,"ui":null,"SpecialCommands":null,"audio_id":"smart-archiving-1-03","audio_schedule":[{"type":"start","time":0},{"type":"stop","time":1410}],"panel_schedule":null,"duration":1410,"name":"action","Flag":null,"NonTextTimestamp":null,"Description":"","Date":""}}