{"ID":"0","Script":{"line":"시민들과 함께 만들어가는 미래 도시를 꿈꾸고 있습니다","line_timestamp":"시민들과 함께 만들어가는 미래 도시를 꿈꾸고 있습니다","gesture":null,"command_schedule":null,"face":null,"gesture_schedule":null,"blink":null,"face_schedule":null,"command":null,"blink_schedule":null,"ui":null,"SpecialCommands":null,"audio_id":"smart-archiving-1-04","audio_schedule":[{"type":"start","time":0},{"type":"stop","time":3631}],"panel_schedule":null,"duration":3631,"name":"action","Flag":null,"NonTextTimestamp":null,"Description":"","Date":""}}