{"ID":"0","Script":{"line":"스마트시티 아카이빙 시스템을 소개할게요","line_timestamp":"스마트시티 아카이빙 시스템을 소개할게요","gesture":null,"command_schedule":null,"face":null,"gesture_schedule":null,"blink":null,"face_schedule":null,"command":null,"blink_schedule":null,"ui":null,"SpecialCommands":null,"audio_id":"smart-archiving-1-02","audio_schedule":[{"type":"start","time":0},{"type":"stop","time":3056}],"panel_schedule":null,"duration":3056,"name":"action","Flag":null,"NonTextTimestamp":null,"Description":"","Date":""}}