{"ID":"0","Script":{"line":"또한 미래도시에 필요한 여러가지 아이디어를","line_timestamp":"또한 미래도시에 필요한 여러가지 아이디어를","gesture":null,"command_schedule":null,"face":null,"gesture_schedule":null,"blink":null,"face_schedule":null,"command":null,"blink_schedule":null,"ui":null,"SpecialCommands":null,"audio_id":"smart-archiving-1-09","audio_schedule":[{"type":"start","time":0},{"type":"stop","time":2821}],"panel_schedule":null,"duration":2821,"name":"action","Flag":null,"NonTextTimestamp":null,"Description":"","Date":""}}