{"ID":"0","Script":{"line":"서비스 안내를 받으시고 간단히 체험해 보실 수 있습니다","line_timestamp":"서비스 안내를 받으시고 간단히 체험해 보실 수 있습니다","gesture":null,"command_schedule":null,"face":null,"gesture_schedule":null,"blink":null,"face_schedule":null,"command":null,"blink_schedule":null,"ui":null,"SpecialCommands":null,"audio_id":"smart-service-1-07","audio_schedule":[{"type":"start","time":0},{"type":"stop","time":3709}],"panel_schedule":null,"duration":3709,"name":"action","Flag":null,"NonTextTimestamp":null,"Description":"","Date":""}}