{"ID":"0","Script":{"line":"구민에게 휴식 및 여유의 공간으로 일상을 즐기면서","line_timestamp":"구민에게 휴식 및 여유의 공간으로 일상을 즐기면서","gesture":null,"command_schedule":null,"face":null,"gesture_schedule":null,"blink":null,"face_schedule":null,"command":null,"blink_schedule":null,"ui":null,"SpecialCommands":null,"audio_id":"smart-guro-1-05","audio_schedule":[{"type":"start","time":0},{"type":"stop","time":3474}],"panel_schedule":null,"duration":3474,"name":"action","Flag":null,"NonTextTimestamp":null,"Description":"","Date":""}}