{"ID":"0","Script":{"line":"일상의 스마트 도시 서비스와 구로의 변화와 발전하는 모습을","line_timestamp":"일상의 스마트 도시 서비스와 구로의 변화와 발전하는 모습을","gesture":null,"command_schedule":null,"face":null,"gesture_schedule":null,"blink":null,"face_schedule":null,"command":null,"blink_schedule":null,"ui":null,"SpecialCommands":null,"audio_id":"smart-guro-1-09","audio_schedule":[{"type":"start","time":0},{"type":"stop","time":3970}],"panel_schedule":null,"duration":3970,"name":"action","Flag":null,"NonTextTimestamp":null,"Description":"","Date":""}}