{"ID":"0","Script":{"line":"구로구의 다양한 스마트시티 서비스를","line_timestamp":"구로구의 다양한 스마트시티 서비스를","gesture":null,"command_schedule":null,"face":null,"gesture_schedule":null,"blink":null,"face_schedule":null,"command":null,"blink_schedule":null,"ui":null,"SpecialCommands":null,"audio_id":"smart-archiving-1-06","audio_schedule":[{"type":"start","time":0},{"type":"stop","time":2586}],"panel_schedule":null,"duration":2586,"name":"action","Flag":null,"NonTextTimestamp":null,"Description":"","Date":""}}