{"ID":"0","Script":{"line":"새로운 모습으로 구민들과 함께 하는","line_timestamp":"새로운 모습으로 구민들과 함께 하는","gesture":null,"command_schedule":null,"face":null,"gesture_schedule":null,"blink":null,"face_schedule":null,"command":null,"blink_schedule":null,"ui":null,"SpecialCommands":null,"audio_id":"smart-guro-1-12","audio_schedule":[{"type":"start","time":0},{"type":"stop","time":2507}],"panel_schedule":null,"duration":2507,"name":"action","Flag":null,"NonTextTimestamp":null,"Description":"","Date":""}}