{"ID":"0","Script":{"line":"보고 느끼고 참여하실 수 있습니다","line_timestamp":"보고 느끼고 참여하실 수 있습니다","gesture":null,"command_schedule":null,"face":null,"gesture_schedule":null,"blink":null,"face_schedule":null,"command":null,"blink_schedule":null,"ui":null,"SpecialCommands":null,"audio_id":"smart-guro-1-10","audio_schedule":[{"type":"start","time":0},{"type":"stop","time":2324}],"panel_schedule":null,"duration":2324,"name":"action","Flag":null,"NonTextTimestamp":null,"Description":"","Date":""}}