{"ID":"0","Script":{"line":"스마트 도시 구로는 구민을 위해","line_timestamp":"스마트 도시 구로는 구민을 위해","gesture":null,"command_schedule":null,"face":null,"gesture_schedule":null,"blink":null,"face_schedule":null,"command":null,"blink_schedule":null,"ui":null,"SpecialCommands":null,"audio_id":"smart-service-1-08","audio_schedule":[{"type":"start","time":0},{"type":"stop","time":2115}],"panel_schedule":null,"duration":2115,"name":"action","Flag":null,"NonTextTimestamp":null,"Description":"","Date":""}}