{"ID":"0","Script":{"line":"스마트 토이로봇 취약계층 안심서비스","line_timestamp":"스마트 토이로봇 취약계층 안심서비스","gesture":null,"command_schedule":null,"face":null,"gesture_schedule":null,"blink":null,"face_schedule":null,"command":null,"blink_schedule":null,"ui":null,"SpecialCommands":null,"audio_id":"smart-service-1-04","audio_schedule":[{"type":"start","time":0},{"type":"stop","time":3082}],"panel_schedule":null,"duration":3082,"name":"action","Flag":null,"NonTextTimestamp":null,"Description":"","Date":""}}