{"ID":"0","Script":{"line":"적극적으로 서비스를 발굴하고 도입하고자 합니다","line_timestamp":"적극적으로 서비스를 발굴하고 도입하고자 합니다","gesture":null,"command_schedule":null,"face":null,"gesture_schedule":null,"blink":null,"face_schedule":null,"command":null,"blink_schedule":null,"ui":null,"SpecialCommands":null,"audio_id":"smart-service-1-09","audio_schedule":[{"type":"start","time":0},{"type":"stop","time":3395}],"panel_schedule":null,"duration":3395,"name":"action","Flag":null,"NonTextTimestamp":null,"Description":"","Date":""}}