{"ID":"0","Script":{"line":"스마트시티 아카이빙 시스템을 통해","line_timestamp":"스마트시티 아카이빙 시스템을 통해","gesture":null,"command_schedule":null,"face":null,"gesture_schedule":null,"blink":null,"face_schedule":null,"command":null,"blink_schedule":null,"ui":null,"SpecialCommands":null,"audio_id":"smart-archiving-1-10","audio_schedule":[{"type":"start","time":0},{"type":"stop","time":2481}],"panel_schedule":null,"duration":2481,"name":"action","Flag":null,"NonTextTimestamp":null,"Description":"","Date":""}}