{"ID":"0","Script":{"line":"시민들의 다양한 생각을 모아","line_timestamp":"시민들의 다양한 생각을 모아","gesture":null,"command_schedule":null,"face":null,"gesture_schedule":null,"blink":null,"face_schedule":null,"command":null,"blink_schedule":null,"ui":null,"SpecialCommands":null,"audio_id":"smart-archiving-1-12","audio_schedule":[{"type":"start","time":0},{"type":"stop","time":2011}],"panel_schedule":null,"duration":2011,"name":"action","Flag":null,"NonTextTimestamp":null,"Description":"","Date":""}}