{"ID":"0","Script":{"line":"입구에서 왼쪽 대각선 쪽으로","line_timestamp":"입구에서 왼쪽 대각선 쪽으로","gesture":null,"command_schedule":null,"face":null,"gesture_schedule":null,"blink":null,"face_schedule":null,"command":null,"blink_schedule":null,"ui":null,"SpecialCommands":null,"audio_id":"smart-service-1-01","audio_schedule":[{"type":"start","time":0},{"type":"stop","time":2246}],"panel_schedule":null,"duration":2246,"name":"action","Flag":null,"NonTextTimestamp":null,"Description":"","Date":""}}