{"ID":"0","Script":{"line":"스마트 보안등 치매예방 주차장 안내 등","line_timestamp":"스마트 보안등 치매예방 주차장 안내 등","gesture":null,"command_schedule":null,"face":null,"gesture_schedule":null,"blink":null,"face_schedule":null,"command":null,"blink_schedule":null,"ui":null,"SpecialCommands":null,"audio_id":"smart-archiving-1-05","audio_schedule":[{"type":"start","time":0},{"type":"stop","time":3474}],"panel_schedule":null,"duration":3474,"name":"action","Flag":null,"NonTextTimestamp":null,"Description":"","Date":""}}