{"ID":"0","Script":{"line":"기획 설계한 생활 밀착형 홍보관입니다","line_timestamp":"기획 설계한 생활 밀착형 홍보관입니다","gesture":null,"command_schedule":null,"face":null,"gesture_schedule":null,"blink":null,"face_schedule":null,"command":null,"blink_schedule":null,"ui":null,"SpecialCommands":null,"audio_id":"smart-guro-1-07","audio_schedule":[{"type":"start","time":0},{"type":"stop","time":2977}],"panel_schedule":null,"duration":2977,"name":"action","Flag":null,"NonTextTimestamp":null,"Description":"","Date":""}}