{"ID":"0","Script":{"line":"스마트 구로 홍보관에 대해","line_timestamp":"스마트 구로 홍보관에 대해","gesture":null,"command_schedule":null,"face":null,"gesture_schedule":null,"blink":null,"face_schedule":null,"command":null,"blink_schedule":null,"ui":null,"SpecialCommands":null,"audio_id":"smart-guro-1-01","audio_schedule":[{"type":"start","time":0},{"type":"stop","time":1854}],"panel_schedule":null,"duration":1854,"name":"action","Flag":null,"NonTextTimestamp":null,"Description":"","Date":""}}