{"ID":"0","Script":{"line":"미니 미디어 폴의 디스플레이 영상을 통해","line_timestamp":"미니 미디어 폴의 디스플레이 영상을 통해","gesture":null,"command_schedule":null,"face":null,"gesture_schedule":null,"blink":null,"face_schedule":null,"command":null,"blink_schedule":null,"ui":null,"SpecialCommands":null,"audio_id":"smart-service-1-06","audio_schedule":[{"type":"start","time":0},{"type":"stop","time":2690}],"panel_schedule":null,"duration":2690,"name":"action","Flag":null,"NonTextTimestamp":null,"Description":"","Date":""}}