{"ID":"0","Script":{"line":"쉽고 편안하게 방문하셔서","line_timestamp":"쉽고 편안하게 방문하셔서","gesture":null,"command_schedule":null,"face":null,"gesture_schedule":null,"blink":null,"face_schedule":null,"command":null,"blink_schedule":null,"ui":null,"SpecialCommands":null,"audio_id":"smart-guro-1-08","audio_schedule":[{"type":"start","time":0},{"type":"stop","time":1985}],"panel_schedule":null,"duration":1985,"name":"action","Flag":null,"NonTextTimestamp":null,"Description":"","Date":""}}