{"ID":"0","Script":{"line":"상세히 설명 드리겠습니다","line_timestamp":"상세히 설명 드리겠습니다","gesture":null,"command_schedule":null,"face":null,"gesture_schedule":null,"blink":null,"face_schedule":null,"command":null,"blink_schedule":null,"ui":null,"SpecialCommands":null,"audio_id":"smart-guro-1-02","audio_schedule":[{"type":"start","time":0},{"type":"stop","time":1933}],"panel_schedule":null,"duration":1933,"name":"action","Flag":null,"NonTextTimestamp":null,"Description":"","Date":""}}