{"ID":"0","Script":{"line":"많은 관심을 부탁드립니다","line_timestamp":"많은 관심을 부탁드립니다","gesture":null,"command_schedule":null,"face":null,"gesture_schedule":null,"blink":null,"face_schedule":null,"command":null,"blink_schedule":null,"ui":null,"SpecialCommands":null,"audio_id":"smart-archiving-1-14","audio_schedule":[{"type":"start","time":0},{"type":"stop","time":1880}],"panel_schedule":null,"duration":1880,"name":"action","Flag":null,"NonTextTimestamp":null,"Description":"","Date":""}}