{"ID":"0","Script":{"line":"이제 스마트폰만 있으면 보다 손쉽게 이용할 수 있도록","line_timestamp":"이제 스마트폰만 있으면 보다 손쉽게 이용할 수 있도록","gesture":null,"command_schedule":null,"face":null,"gesture_schedule":null,"blink":null,"face_schedule":null,"command":null,"blink_schedule":null,"ui":null,"SpecialCommands":null,"audio_id":"smart-archiving-1-07","audio_schedule":[{"type":"start","time":0},{"type":"stop","time":3448}],"panel_schedule":null,"duration":3448,"name":"action","Flag":null,"NonTextTimestamp":null,"Description":"","Date":""}}