{"ID":"0","Script":{"line":"그곳이 스마트 구로 서비스 입니다","line_timestamp":"그곳이 스마트 구로 서비스 입니다","gesture":null,"command_schedule":null,"face":null,"gesture_schedule":null,"blink":null,"face_schedule":null,"command":null,"blink_schedule":null,"ui":null,"SpecialCommands":null,"audio_id":"smart-service-1-03","audio_schedule":[{"type":"start","time":0},{"type":"stop","time":2298}],"panel_schedule":null,"duration":2298,"name":"action","Flag":null,"NonTextTimestamp":null,"Description":"","Date":""}}