{"ID":"0","Script":{"line":"그리고 보다 나은 서비스를 제공하기 위해 지속적으로 노력하겠습니다","line_timestamp":"그리고 보다 나은 서비스를 제공하기 위해 지속적으로 노력하겠습니다","gesture":null,"command_schedule":null,"face":null,"gesture_schedule":null,"blink":null,"face_schedule":null,"command":null,"blink_schedule":null,"ui":null,"SpecialCommands":null,"audio_id":"smart-service-1-10","audio_schedule":[{"type":"start","time":0},{"type":"stop","time":4336}],"panel_schedule":null,"duration":4336,"name":"action","Flag":null,"NonTextTimestamp":null,"Description":"","Date":""}}