{"ID":"0","Script":{"line":"간단한 설문 참여 후에 입장해 주세요","line_timestamp":"간단한 설문 참여 후에 입장해 주세요","gesture":null,"command_schedule":null,"face":null,"gesture_schedule":null,"blink":null,"face_schedule":null,"command":null,"blink_schedule":null,"ui":null,"SpecialCommands":null,"audio_id":"survey-start-1-01","audio_schedule":[{"type":"start","time":0},{"type":"stop","time":2560}],"panel_schedule":null,"duration":2560,"name":"action","Flag":null,"NonTextTimestamp":null,"Description":"","Date":""}}