{"ID":"0","Script":{"line":"구로구 주민이신가요","line_timestamp":"구로구 주민이신가요","gesture":null,"command_schedule":null,"face":null,"gesture_schedule":null,"blink":null,"face_schedule":null,"command":null,"blink_schedule":null,"ui":null,"SpecialCommands":null,"audio_id":"survey-question-1-01","audio_schedule":[{"type":"start","time":0},{"type":"stop","time":1410}],"panel_schedule":null,"duration":1410,"name":"action","Flag":null,"NonTextTimestamp":null,"Description":"","Date":""}}