{"ID":"0","Script":{"line":"숫자를 누른 후에 확인 버튼을 눌러 주세요","line_timestamp":"숫자를 누른 후에 확인 버튼을 눌러 주세요","gesture":null,"command_schedule":null,"face":null,"gesture_schedule":null,"blink":null,"face_schedule":null,"command":null,"blink_schedule":null,"ui":null,"SpecialCommands":null,"audio_id":"survey-question-2-02","audio_schedule":[{"type":"start","time":0},{"type":"stop","time":2742}],"panel_schedule":null,"duration":2742,"name":"action","Flag":null,"NonTextTimestamp":null,"Description":"","Date":""}}