{"ID":"0","Script":{"line":"설문 참여 감사 드립니다","line_timestamp":"설문 참여 감사 드립니다","gesture":null,"command_schedule":null,"face":null,"gesture_schedule":null,"blink":null,"face_schedule":null,"command":null,"blink_schedule":null,"ui":null,"SpecialCommands":null,"audio_id":"survey-admit-1-01","audio_schedule":[{"type":"start","time":0},{"type":"stop","time":1906}],"panel_schedule":null,"duration":1906,"name":"action","Flag":null,"NonTextTimestamp":null,"Description":"","Date":""}}