{"ID":"0","Script":{"line":"즐거운 시간 되세요","line_timestamp":"즐거운 시간 되세요","gesture":null,"command_schedule":null,"face":null,"gesture_schedule":null,"blink":null,"face_schedule":null,"command":null,"blink_schedule":null,"ui":null,"SpecialCommands":null,"audio_id":"survey-admit-1-03","audio_schedule":[{"type":"start","time":0},{"type":"stop","time":1671}],"panel_schedule":null,"duration":1671,"name":"action","Flag":null,"NonTextTimestamp":null,"Description":"","Date":""}}