{"ID":"0","Script":{"line":"모두 몇 분이 오셨나요","line_timestamp":"모두 몇 분이 오셨나요","gesture":null,"command_schedule":null,"face":null,"gesture_schedule":null,"blink":null,"face_schedule":null,"command":null,"blink_schedule":null,"ui":null,"SpecialCommands":null,"audio_id":"survey-question-2-01","audio_schedule":[{"type":"start","time":0},{"type":"stop","time":1645}],"panel_schedule":null,"duration":1645,"name":"action","Flag":null,"NonTextTimestamp":null,"Description":"","Date":""}}