{"ID":"0","Script":{"line":"시간이 초과되었습니다","line_timestamp":"시간이 초과되었습니다","gesture":null,"command_schedule":null,"face":null,"gesture_schedule":null,"blink":null,"face_schedule":null,"command":null,"blink_schedule":null,"ui":null,"SpecialCommands":null,"audio_id":"survey-timeout-1-02","audio_schedule":[{"type":"start","time":0},{"type":"stop","time":1724}],"panel_schedule":null,"duration":1724,"name":"action","Flag":null,"NonTextTimestamp":null,"Description":"","Date":""}}