{"ID":"0","Script":{"line":"예 또는 아니오 버튼을 눌러주세요","line_timestamp":"예 또는 아니오 버튼을 눌러주세요","gesture":null,"command_schedule":null,"face":null,"gesture_schedule":null,"blink":null,"face_schedule":null,"command":null,"blink_schedule":null,"ui":null,"SpecialCommands":null,"audio_id":"survey-question-1-02","audio_schedule":[{"type":"start","time":0},{"type":"stop","time":2533}],"panel_schedule":null,"duration":2533,"name":"action","Flag":null,"NonTextTimestamp":null,"Description":"","Date":""}}