{"ID":"0","Script":{"line":"함께 오셨으면 대표로 한 분만 설문 참여해 주세요","line_timestamp":"함께 오셨으면 대표로 한 분만 설문 참여해 주세요","gesture":null,"command_schedule":null,"face":null,"gesture_schedule":null,"blink":null,"face_schedule":null,"command":null,"blink_schedule":null,"ui":null,"SpecialCommands":null,"audio_id":"survey-start-1-02","audio_schedule":[{"type":"start","time":0},{"type":"stop","time":3343}],"panel_schedule":null,"duration":3343,"name":"action","Flag":null,"NonTextTimestamp":null,"Description":"","Date":""}}