{"Script":{"line":"저 아이리는 내일 다시 출근하겠습니다","line_timestamp":"저 아이리는 내일 다시 출근하겠습니다*500","gesture":[{"controller":"Base","type":"Base_Basepose_1_1","pre":[["t0","t2"]],"stroke":[],"relax":[],"pose":1,"relative":0,"periodic":0},{"controller":"FullBody1","type":"Hand_BothUp_Make_3_3_2_3","pre":[["t0","t4"]],"stroke":[["t4","t11"]],"relax":[["t11","t19"]],"pose":0,"relative":0,"periodic":0},{"controller":"Head1","type":"Head_NodDown_2","pre":[],"stroke":[["t0","t6"],["t6","t12"]],"relax":[],"pose":0,"relative":1,"periodic":1}],"gesture_schedule":[{"controller":"Base","type":"Base_Basepose_1_1","pose":1,"relative":0,"periodic":0,"phase":"pre","start":6,"duration":205},{"controller":"FullBody1","type":"Hand_BothUp_Make_3_3_2_3","pose":0,"relative":0,"periodic":0,"phase":"pre","start":6,"duration":425},{"controller":"FullBody1","type":"Hand_BothUp_Make_3_3_2_3","pose":0,"relative":0,"periodic":0,"phase":"stroke","start":431,"duration":751},{"controller":"FullBody1","type":"Hand_BothUp_Make_3_3_2_3","pose":0,"relative":0,"periodic":0,"phase":"relax","start":1182,"duration":1306},{"controller":"Head1","type":"Head_NodDown_2","pose":0,"relative":1,"periodic":1,"phase":"stroke","start":6,"duration":645},{"controller":"Head1","type":"Head_NodDown_2","pose":0,"relative":1,"periodic":1,"phase":"stroke","start":651,"duration":646}],"face":[{"controller":"Face","type":"Amused","relax":[],"stroke":[["t0","t2"]]},{"controller":"Face","type":"Amused","relax":[["t9","t11"]],"stroke":[]}],"face_schedule":[{"controller":"Face","type":"Amused","duration":205,"phase":"stroke","start":6},{"controller":"Face","type":"Amused","duration":217,"phase":"relax","start":965}],"command":[],"command_schedule":[],"ui":[],"SpecialCommands":null,"audio_id":"talk-close-greeting-1-03","audio_schedule":[{"type":"start","time":0},{"type":"stop","time":2742}],"ui_schedule":[],"duration":3242,"name":"action","sound_schedule":[],"Description":"","Date":"2019.09.17-10.51.36","sound":[]}}