{"Script":{"line":"원하는 항목을 클릭해 주세요","line_timestamp":"원하는 항목을 클릭해 주세요*700","gesture":[{"controller":"Base","type":"Base_Basepose_1_1","pre":[["t0","t4"]],"stroke":[],"relax":[],"pose":1,"relative":0,"periodic":0},{"controller":"FullBody1","type":"UpperBody_Push_2","pre":[],"stroke":[["t3","t11"]],"relax":[],"pose":0,"relative":1,"periodic":0},{"controller":"FullBody1","type":"UpperBody_Push_2","pre":[],"stroke":[],"relax":[["t13","t16"]],"pose":0,"relative":1,"periodic":0},{"controller":"RArm1","type":"Point_Who_RArm_You","pre":[["t0","t3"]],"stroke":[["t3","t10"]],"relax":[["t10","t15"]],"pose":0,"relative":0,"periodic":0}],"gesture_schedule":[{"controller":"Base","type":"Base_Basepose_1_1","pose":1,"relative":0,"periodic":0,"phase":"pre","start":6,"duration":463},{"controller":"FullBody1","type":"UpperBody_Push_2","pose":0,"relative":1,"periodic":0,"phase":"stroke","start":351,"duration":1099},{"controller":"FullBody1","type":"UpperBody_Push_2","pose":0,"relative":1,"periodic":0,"phase":"relax","start":1760,"duration":1010},{"controller":"RArm1","type":"Point_Who_RArm_You","pose":0,"relative":0,"periodic":0,"phase":"pre","start":6,"duration":345},{"controller":"RArm1","type":"Point_Who_RArm_You","pose":0,"relative":0,"periodic":0,"phase":"stroke","start":351,"duration":944},{"controller":"RArm1","type":"Point_Who_RArm_You","pose":0,"relative":0,"periodic":0,"phase":"relax","start":1295,"duration":775}],"face":[{"controller":"Face","type":"Smile","relax":[],"stroke":[["t3","t5"]]},{"controller":"Face","type":"Smile","relax":[["t13","t15"]],"stroke":[]}],"face_schedule":[{"controller":"Face","type":"Smile","duration":247,"phase":"stroke","start":351},{"controller":"Face","type":"Smile","duration":310,"phase":"relax","start":1760}],"command":[],"command_schedule":[],"ui":[],"SpecialCommands":null,"audio_id":"talk-request-1-01","audio_schedule":[{"type":"start","time":0},{"type":"stop","time":2142}],"ui_schedule":[],"duration":2842,"name":"action","sound_schedule":[],"Description":"","Date":"2019.09.16-12.03.20","sound":[]}}