{"Script":{"line":"열두시부터 한시까지는 점심 시간 입니다","line_timestamp":"열두시부터 한시까지는 점심 시간 입니다*700","gesture":[{"controller":"Base","type":"Base_Basepose_1_1","pre":[["t0","t2"]],"stroke":[],"relax":[],"pose":1,"relative":0,"periodic":0},{"controller":"FullBody1","type":"Hand_BothUp_Make_2_4_3_2","pre":[["t0","t2"]],"stroke":[["t2","t6"]],"relax":[["t6","t10"]],"pose":0,"relative":0,"periodic":0},{"controller":"FullBody1","type":"Hand_BothFist_Make_3_2","pre":[["t12","t14"]],"stroke":[["t14","t18"]],"relax":[["t18","t21"]],"pose":0,"relative":0,"periodic":0},{"controller":"Head1","type":"Head_TiltR_3","pre":[],"stroke":[["t0","t5"],["t5","t11"]],"relax":[],"pose":0,"relative":1,"periodic":1},{"controller":"Head1","type":"Head_NodDown_3","pre":[],"stroke":[["t12","t17"],["t17","t21"]],"relax":[],"pose":0,"relative":1,"periodic":1}],"gesture_schedule":[{"controller":"Base","type":"Base_Basepose_1_1","pose":1,"relative":0,"periodic":0,"phase":"pre","start":6,"duration":244},{"controller":"FullBody1","type":"Hand_BothUp_Make_2_4_3_2","pose":0,"relative":0,"periodic":0,"phase":"pre","start":6,"duration":244},{"controller":"FullBody1","type":"Hand_BothUp_Make_2_4_3_2","pose":0,"relative":0,"periodic":0,"phase":"stroke","start":250,"duration":490},{"controller":"FullBody1","type":"Hand_BothUp_Make_2_4_3_2","pose":0,"relative":0,"periodic":0,"phase":"relax","start":740,"duration":528},{"controller":"FullBody1","type":"Hand_BothFist_Make_3_2","pose":0,"relative":0,"periodic":0,"phase":"pre","start":1537,"duration":258},{"controller":"FullBody1","type":"Hand_BothFist_Make_3_2","pose":0,"relative":0,"periodic":0,"phase":"stroke","start":1795,"duration":588},{"controller":"FullBody1","type":"Hand_BothFist_Make_3_2","pose":0,"relative":0,"periodic":0,"phase":"relax","start":2383,"duration":462},{"controller":"Head1","type":"Head_TiltR_3","pose":0,"relative":1,"periodic":1,"phase":"stroke","start":6,"duration":610},{"controller":"Head1","type":"Head_TiltR_3","pose":0,"relative":1,"periodic":1,"phase":"stroke","start":616,"duration":784},{"controller":"Head1","type":"Head_NodDown_3","pose":0,"relative":1,"periodic":1,"phase":"stroke","start":1537,"duration":693},{"controller":"Head1","type":"Head_NodDown_3","pose":0,"relative":1,"periodic":1,"phase":"stroke","start":2230,"duration":615}],"face":[{"controller":"Face","type":"Smile","relax":[],"stroke":[["t0","t2"]]},{"controller":"Face","type":"Proud","relax":[["t20","t21"]],"stroke":[]}],"face_schedule":[{"controller":"Face","type":"Smile","duration":244,"phase":"stroke","start":6},{"controller":"Face","type":"Proud","duration":156,"phase":"relax","start":2689}],"command":[],"command_schedule":[],"ui":[],"SpecialCommands":null,"audio_id":"talk-lunch-1-01","audio_schedule":[{"type":"start","time":0},{"type":"stop","time":2925}],"ui_schedule":[],"duration":3625,"name":"action","sound_schedule":[],"Description":"","Date":"2019.09.16-12.01.58","sound":[]}}