{"Script":{"line":"행복한 저녁 보내시고","line_timestamp":"행복한 저녁 보내시고","gesture":[{"controller":"Base","type":"Base_Basepose_1_1","pre":[["t0","t5"]],"stroke":[],"relax":[],"pose":1,"relative":0,"periodic":0},{"controller":"BothArm1","type":"Point_Who_BothArm_You_1","pre":[["t0","t3"]],"stroke":[],"relax":[],"pose":0,"relative":0,"periodic":0},{"controller":"BothArm1","type":"Point_Who_BothArm_You_1","pre":[],"stroke":[["t4","t7"]],"relax":[["t7","t10"]],"pose":0,"relative":0,"periodic":0},{"controller":"RArm1","type":"Object_Shape_Heart_1","pre":[],"stroke":[],"relax":[["t0","t3"]],"pose":0,"relative":0,"periodic":0},{"controller":"Head1","type":"Head_Bow_2","pre":[],"stroke":[["t0","t5"]],"relax":[["t5","t8"]],"pose":0,"relative":1,"periodic":0}],"gesture_schedule":[{"controller":"Base","type":"Base_Basepose_1_1","pose":1,"relative":0,"periodic":0,"phase":"pre","start":6,"duration":636},{"controller":"BothArm1","type":"Point_Who_BothArm_You_1","pose":0,"relative":0,"periodic":0,"phase":"pre","start":6,"duration":378},{"controller":"BothArm1","type":"Point_Who_BothArm_You_1","pose":0,"relative":0,"periodic":0,"phase":"stroke","start":513,"duration":387},{"controller":"BothArm1","type":"Point_Who_BothArm_You_1","pose":0,"relative":0,"periodic":0,"phase":"relax","start":900,"duration":588},{"controller":"RArm1","type":"Object_Shape_Heart_1","pose":0,"relative":0,"periodic":0,"phase":"relax","start":6,"duration":378},{"controller":"Head1","type":"Head_Bow_2","pose":0,"relative":1,"periodic":0,"phase":"stroke","start":6,"duration":636},{"controller":"Head1","type":"Head_Bow_2","pose":0,"relative":1,"periodic":0,"phase":"relax","start":642,"duration":454}],"face":[{"controller":"Face","type":"Hopeful","relax":[],"stroke":[["t0","t1"]]},{"controller":"Face","type":"Hopeful","relax":[["t9","t10"]],"stroke":[]}],"face_schedule":[{"controller":"Face","type":"Hopeful","duration":126,"phase":"stroke","start":6},{"controller":"Face","type":"Hopeful","duration":196,"phase":"relax","start":1292}],"command":[],"command_schedule":[],"ui":[],"SpecialCommands":null,"audio_id":"talk-close-greeting-1-02","audio_schedule":[{"type":"start","time":0},{"type":"stop","time":1750}],"ui_schedule":[],"duration":1750,"name":"action","sound_schedule":[],"Description":"","Date":"2019.09.16-12.03.20","sound":[]}}