{"Script":{"line":"점심 시간 동안은 입장이 제한됩니다","line_timestamp":"점심 시간 동안은 입장이 제한됩니다*700","gesture":[{"controller":"Base","type":"Base_Basepose_1_1","pre":[["t0","t3"]],"stroke":[],"relax":[],"pose":1,"relative":0,"periodic":0},{"controller":"BothArm1","type":"Hand_BothForward_Reject","pre":[["t6","t10"]],"stroke":[["t10","t13"],["t13","t16"]],"relax":[["t16","t19"]],"pose":0,"relative":0,"periodic":0},{"controller":"Head1","type":"Head_NodDown_2","pre":[],"stroke":[["t0","t8"],["t8","t14"]],"relax":[],"pose":0,"relative":1,"periodic":1}],"gesture_schedule":[{"controller":"Base","type":"Base_Basepose_1_1","pose":1,"relative":0,"periodic":0,"phase":"pre","start":6,"duration":357},{"controller":"BothArm1","type":"Hand_BothForward_Reject","pose":0,"relative":0,"periodic":0,"phase":"pre","start":690,"duration":417},{"controller":"BothArm1","type":"Hand_BothForward_Reject","pose":0,"relative":0,"periodic":0,"phase":"stroke","start":1107,"duration":336},{"controller":"BothArm1","type":"Hand_BothForward_Reject","pose":0,"relative":0,"periodic":0,"phase":"stroke","start":1443,"duration":510},{"controller":"BothArm1","type":"Hand_BothForward_Reject","pose":0,"relative":0,"periodic":0,"phase":"relax","start":1953,"duration":597},{"controller":"Head1","type":"Head_NodDown_2","pose":0,"relative":1,"periodic":1,"phase":"stroke","start":6,"duration":892},{"controller":"Head1","type":"Head_NodDown_2","pose":0,"relative":1,"periodic":1,"phase":"stroke","start":898,"duration":659}],"face":[{"controller":"Face","type":"Tender","relax":[],"stroke":[["t0","t3"]]},{"controller":"Face","type":"Tender","relax":[["t16","t18"]],"stroke":[]}],"face_schedule":[{"controller":"Face","type":"Tender","duration":357,"phase":"stroke","start":6},{"controller":"Face","type":"Tender","duration":396,"phase":"relax","start":1953}],"command":[],"command_schedule":[],"ui":[],"SpecialCommands":null,"audio_id":"talk-lunch-1-02","audio_schedule":[{"type":"start","time":0},{"type":"stop","time":2612}],"ui_schedule":[],"duration":3312,"name":"action","sound_schedule":[],"Description":"","Date":"2019.09.16-12.01.58","sound":[]}}