{"Script":{"line":"오늘 하루도 고생 많으셨습니다","line_timestamp":"오늘 하루도 고생 많으셨습니다*700","gesture":[{"controller":"Base","type":"Base_Basepose_1_1","pre":[["t0","t4"]],"stroke":null,"relax":null,"pose":1,"relative":0,"periodic":0},{"controller":"RArm1","type":"Point_Direction_RArm_Front","pre":[],"stroke":null,"relax":[["t12","t16"]],"pose":0,"relative":0,"periodic":0},{"controller":"RArm1","type":"Point_Direction_RArm_Front","pre":[["t0","t3"]],"stroke":[["t3","t7"]],"relax":[],"pose":0,"relative":0,"periodic":0},{"controller":"Head1","type":"Head_NodDown_3","pre":[],"stroke":[["t2","t5"],["t5","t8"]],"relax":[],"pose":0,"relative":1,"periodic":1}],"gesture_schedule":[{"controller":"Base","type":"Base_Basepose_1_1","pose":1,"relative":0,"periodic":0,"phase":"pre","start":6,"duration":373},{"controller":"RArm1","type":"Point_Direction_RArm_Front","pose":0,"relative":0,"periodic":0,"phase":"relax","start":1388,"duration":718},{"controller":"RArm1","type":"Point_Direction_RArm_Front","pose":0,"relative":0,"periodic":0,"phase":"pre","start":6,"duration":274},{"controller":"RArm1","type":"Point_Direction_RArm_Front","pose":0,"relative":0,"periodic":0,"phase":"stroke","start":280,"duration":397},{"controller":"Head1","type":"Head_NodDown_3","pose":0,"relative":1,"periodic":1,"phase":"stroke","start":188,"duration":290},{"controller":"Head1","type":"Head_NodDown_3","pose":0,"relative":1,"periodic":1,"phase":"stroke","start":478,"duration":316}],"face":[{"controller":"Face","type":"Amused","relax":null,"stroke":[["t5","t6"]]},{"controller":"Face","type":"Hopeful","relax":null,"stroke":[["t9","t10"]]},{"controller":"Face","type":"Hopeful","relax":[["t15","t16"]],"stroke":[]}],"face_schedule":[{"controller":"Face","type":"Amused","duration":99,"phase":"stroke","start":478},{"controller":"Face","type":"Hopeful","duration":119,"phase":"stroke","start":911},{"controller":"Face","type":"Hopeful","duration":181,"phase":"relax","start":1925}],"command":[],"command_schedule":[],"ui":[],"SpecialCommands":null,"audio_id":"talk-close-greeting-1-01","audio_schedule":[{"type":"start","time":0},{"type":"stop","time":2168}],"ui_schedule":[],"duration":2868,"name":"action","sound_schedule":[],"Description":"","Date":"2019.09.16-12.02.39","sound":[]}}