{"Script":{"line":"궁금한 서비스가 있으시면 아래의 버튼을 클릭해 주세요","line_timestamp":"궁금한 서비스가 있으시면 아래의 버튼을 클릭해 주세요*700","gesture":[{"controller":"Base","type":"Base_Basepose_1_1","pre":[["t0","t2"]],"stroke":[],"relax":[],"pose":1,"relative":0,"periodic":0},{"controller":"FullBody1","type":"Hand_BothFist_Make_3_3","pre":[["t0","t5"]],"stroke":[["t5","t10"]],"relax":[["t10","t14"]],"pose":0,"relative":0,"periodic":0},{"controller":"BothArm1","type":"Point_Who_BothArm_You","pre":[["t11","t16"]],"stroke":[["t16","t24"]],"relax":[["t24","t27"]],"pose":0,"relative":0,"periodic":0},{"controller":"Head1","type":"Head_NodDown_5","pre":[],"stroke":[["t15","t21"],["t21","t28"]],"relax":[],"pose":0,"relative":1,"periodic":1}],"gesture_schedule":[{"controller":"Base","type":"Base_Basepose_1_1","pose":1,"relative":0,"periodic":0,"phase":"pre","start":6,"duration":220},{"controller":"FullBody1","type":"Hand_BothFist_Make_3_3","pose":0,"relative":0,"periodic":0,"phase":"pre","start":6,"duration":549},{"controller":"FullBody1","type":"Hand_BothFist_Make_3_3","pose":0,"relative":0,"periodic":0,"phase":"stroke","start":555,"duration":549},{"controller":"FullBody1","type":"Hand_BothFist_Make_3_3","pose":0,"relative":0,"periodic":0,"phase":"relax","start":1104,"duration":453},{"controller":"BothArm1","type":"Point_Who_BothArm_You","pose":0,"relative":0,"periodic":0,"phase":"pre","start":1217,"duration":524},{"controller":"BothArm1","type":"Point_Who_BothArm_You","pose":0,"relative":0,"periodic":0,"phase":"stroke","start":1741,"duration":977},{"controller":"BothArm1","type":"Point_Who_BothArm_You","pose":0,"relative":0,"periodic":0,"phase":"relax","start":2718,"duration":462},{"controller":"Head1","type":"Head_NodDown_5","pose":0,"relative":1,"periodic":1,"phase":"stroke","start":1649,"duration":639},{"controller":"Head1","type":"Head_NodDown_5","pose":0,"relative":1,"periodic":1,"phase":"stroke","start":2288,"duration":1046}],"face":[{"controller":"Face","type":"Smile","relax":[],"stroke":[["t0","t2"]]},{"controller":"Face","type":"Smile","relax":[["t10","t14"]],"stroke":[]},{"controller":"Face","type":"Pleased","relax":[],"stroke":[["t15","t17"]]},{"controller":"Face","type":"Pleased","relax":[["t19","t22"]],"stroke":[]}],"face_schedule":[{"controller":"Face","type":"Smile","duration":220,"phase":"stroke","start":6},{"controller":"Face","type":"Smile","duration":453,"phase":"relax","start":1104},{"controller":"Face","type":"Pleased","duration":184,"phase":"stroke","start":1649},{"controller":"Face","type":"Pleased","duration":364,"phase":"relax","start":2046}],"command":[],"command_schedule":[],"ui":[],"SpecialCommands":null,"audio_id":"talk-request-2-01","audio_schedule":[{"type":"start","time":0},{"type":"stop","time":3552}],"ui_schedule":[],"duration":4252,"name":"action","sound_schedule":[],"Description":"","Date":"2019.09.16-12.03.20","sound":[]}}