{"Script":{"line":"잠시 안내 말씀 드리겠습니다","line_timestamp":"잠시 안내 말씀 드리겠습니다*500","gesture":[{"controller":"Base","type":"Base_Basepose_1_1","pre":[["t0","t4"]],"stroke":[],"relax":[],"pose":1,"relative":0,"periodic":0},{"controller":"Head1","type":"Head_TiltR_2","pre":[],"stroke":[["t0","t4"],["t4","t10"]],"relax":[],"pose":0,"relative":1,"periodic":1}],"gesture_schedule":[{"controller":"Base","type":"Base_Basepose_1_1","pose":1,"relative":0,"periodic":0,"phase":"pre","start":6,"duration":472},{"controller":"Head1","type":"Head_TiltR_2","pose":0,"relative":1,"periodic":1,"phase":"stroke","start":6,"duration":472},{"controller":"Head1","type":"Head_TiltR_2","pose":0,"relative":1,"periodic":1,"phase":"stroke","start":478,"duration":752}],"face":[{"controller":"Face","type":"Tender","relax":[],"stroke":[["t5","t7"]]},{"controller":"Face","type":"Smile","relax":[],"stroke":[["t10","t12"]]},{"controller":"Face","type":"Smile","relax":[["t13","t15"]],"stroke":[]}],"face_schedule":[{"controller":"Face","type":"Tender","duration":232,"phase":"stroke","start":576},{"controller":"Face","type":"Smile","duration":308,"phase":"stroke","start":1230},{"controller":"Face","type":"Smile","duration":309,"phase":"relax","start":1692}],"command":[],"command_schedule":[],"ui":[],"SpecialCommands":null,"audio_id":"talk-interrupt-1-01","audio_schedule":[{"type":"start","time":0},{"type":"stop","time":2063}],"ui_schedule":[],"duration":2563,"name":"action","sound_schedule":[],"Description":"","Date":"2019.09.17-11.09.41","sound":[]}}