{"Script":{"line":"입장은 오후 한시부터 가능합니다","line_timestamp":"입장은 오후 한시부터 가능합니다","gesture":[{"controller":"Base","type":"Base_Basepose_1_1","pre":[["t0","t2"]],"stroke":[],"relax":[],"pose":1,"relative":0,"periodic":0},{"controller":"FullBody1","type":"Hand_BothUp_Make_3_3_3_1","pre":[["t0","t2"]],"stroke":[["t2","t5"]],"relax":[["t5","t9"]],"pose":0,"relative":0,"periodic":0},{"controller":"RArm1","type":"Number_Number_1","pre":[["t5","t9"]],"stroke":[["t9","t13"]],"relax":[["t13","t17"]],"pose":0,"relative":0,"periodic":0},{"controller":"Head1","type":"Head_Nod_2","pre":[],"stroke":[["t0","t6"]],"relax":[],"pose":0,"relative":1,"periodic":1},{"controller":"Head1","type":"Head_Nod_2","pre":[],"stroke":[],"relax":[["t7","t15"]],"pose":0,"relative":1,"periodic":1}],"gesture_schedule":[{"controller":"Base","type":"Base_Basepose_1_1","pose":1,"relative":0,"periodic":0,"phase":"pre","start":6,"duration":238},{"controller":"FullBody1","type":"Hand_BothUp_Make_3_3_3_1","pose":0,"relative":0,"periodic":0,"phase":"pre","start":6,"duration":238},{"controller":"FullBody1","type":"Hand_BothUp_Make_3_3_3_1","pose":0,"relative":0,"periodic":0,"phase":"stroke","start":244,"duration":315},{"controller":"FullBody1","type":"Hand_BothUp_Make_3_3_3_1","pose":0,"relative":0,"periodic":0,"phase":"relax","start":559,"duration":386},{"controller":"RArm1","type":"Number_Number_1","pose":0,"relative":0,"periodic":0,"phase":"pre","start":559,"duration":386},{"controller":"RArm1","type":"Number_Number_1","pose":0,"relative":0,"periodic":0,"phase":"stroke","start":945,"duration":548},{"controller":"RArm1","type":"Number_Number_1","pose":0,"relative":0,"periodic":0,"phase":"relax","start":1493,"duration":770},{"controller":"Head1","type":"Head_Nod_2","pose":0,"relative":1,"periodic":1,"phase":"stroke","start":6,"duration":627},{"controller":"Head1","type":"Head_Nod_2","pose":0,"relative":1,"periodic":1,"phase":"relax","start":709,"duration":1168}],"face":[{"controller":"Face","type":"Smile","relax":[],"stroke":[["t0","t2"]]},{"controller":"Face","type":"Smile","relax":[["t13","t15"]],"stroke":[]}],"face_schedule":[{"controller":"Face","type":"Smile","duration":238,"phase":"stroke","start":6},{"controller":"Face","type":"Smile","duration":384,"phase":"relax","start":1493}],"command":[],"command_schedule":[],"ui":[],"SpecialCommands":null,"audio_id":"talk-lunch-3-01","audio_schedule":[{"type":"start","time":0},{"type":"stop","time":2324}],"ui_schedule":[],"duration":2324,"name":"action","sound_schedule":[],"Description":"","Date":"2019.09.16-12.02.39","sound":[]}}