{"Script":{"line":"죄송합니다","line_timestamp":"죄송합니다*200","gesture":[{"controller":"Base","type":"Base_Basepose_1_1","pre":[["t0","t3"]],"stroke":[],"relax":[],"pose":1,"relative":0,"periodic":0},{"controller":"FullBody1","type":"UpperBody_BowPush_2","pre":[],"stroke":[["t0","t3"]],"relax":[["t3","t5"]],"pose":0,"relative":1,"periodic":0},{"controller":"BothArm1","type":"Other_Plead","pre":[["t0","t2"]],"stroke":[],"relax":[],"pose":0,"relative":0,"periodic":0},{"controller":"BothArm1","type":"Other_Plead","pre":[],"stroke":[],"relax":[["t3","t6"]],"pose":0,"relative":0,"periodic":0}],"gesture_schedule":[{"controller":"Base","type":"Base_Basepose_1_1","pose":1,"relative":0,"periodic":0,"phase":"pre","start":6,"duration":555},{"controller":"FullBody1","type":"UpperBody_BowPush_2","pose":0,"relative":1,"periodic":0,"phase":"stroke","start":6,"duration":555},{"controller":"FullBody1","type":"UpperBody_BowPush_2","pose":0,"relative":1,"periodic":0,"phase":"relax","start":561,"duration":370},{"controller":"BothArm1","type":"Other_Plead","pose":0,"relative":0,"periodic":0,"phase":"pre","start":6,"duration":370},{"controller":"BothArm1","type":"Other_Plead","pose":0,"relative":0,"periodic":0,"phase":"relax","start":561,"duration":570}],"face":[{"controller":"Face","type":"Tender","relax":[],"stroke":[["t0","t2"]]},{"controller":"Face","type":"Tender","relax":[["t5","t6"]],"stroke":[]}],"face_schedule":[{"controller":"Face","type":"Tender","duration":370,"phase":"stroke","start":6},{"controller":"Face","type":"Tender","duration":200,"phase":"relax","start":931}],"command":[],"command_schedule":[],"ui":[],"SpecialCommands":null,"audio_id":"talk-sorry-1-01","audio_schedule":[{"type":"start","time":0},{"type":"stop","time":992}],"ui_schedule":[],"duration":1192,"name":"action","sound_schedule":[],"Description":"","Date":"2019.09.16-12.01.58","sound":[]}}