{"Script":{"line":"감사합니다","line_timestamp":"감사합니다*500","gesture":[{"controller":"Base","type":"Base_Basepose_1_1","pre":[["t0","t2"]],"stroke":[],"relax":[],"pose":1,"relative":0,"periodic":0},{"controller":"FullBody1","type":"UpperBody_BowPush_2","pre":[],"stroke":[["t0","t3"]],"relax":[["t3","t6"]],"pose":0,"relative":1,"periodic":0}],"gesture_schedule":[{"controller":"Base","type":"Base_Basepose_1_1","pose":1,"relative":0,"periodic":0,"phase":"pre","start":6,"duration":394},{"controller":"FullBody1","type":"UpperBody_BowPush_2","pose":0,"relative":1,"periodic":0,"phase":"stroke","start":6,"duration":591},{"controller":"FullBody1","type":"UpperBody_BowPush_2","pose":0,"relative":1,"periodic":0,"phase":"relax","start":597,"duration":896}],"face":[{"controller":"Face","type":"Smile","relax":[],"stroke":[["t0","t2"]]},{"controller":"Face","type":"Smile","relax":[["t3","t4"]],"stroke":[]}],"face_schedule":[{"controller":"Face","type":"Smile","duration":394,"phase":"stroke","start":6},{"controller":"Face","type":"Smile","duration":197,"phase":"relax","start":597}],"command":[],"command_schedule":[],"ui":[],"SpecialCommands":null,"audio_id":"talk-thanks-1-01","audio_schedule":[{"type":"start","time":0},{"type":"stop","time":1071}],"ui_schedule":[],"duration":1571,"name":"action","sound_schedule":[],"Description":"","Date":"2019.09.16-12.03.20","sound":[]}}