{"Script":{"line":"지금부터 입장이 가능합니다","line_timestamp":"지금부터 입장이 가능합니다","gesture":[{"controller":"Base","type":"Base_Basepose_1_1","pre":[["t0","t6"]],"stroke":[],"relax":[],"pose":1,"relative":0,"periodic":0},{"controller":"BothArm1","type":"Point_Who_BothArm_You_1","pre":[["t0","t4"]],"stroke":[],"relax":[],"pose":0,"relative":0,"periodic":0},{"controller":"BothArm1","type":"Point_Who_BothArm_You_1","pre":[],"stroke":[["t5","t9"]],"relax":[["t9","t12"]],"pose":0,"relative":0,"periodic":0},{"controller":"RArm1","type":"Object_Shape_Heart_1","pre":[],"stroke":[],"relax":[["t0","t4"]],"pose":0,"relative":0,"periodic":0},{"controller":"Head1","type":"Head_Bow_2","pre":[],"stroke":[["t0","t6"]],"relax":[["t6","t10"]],"pose":0,"relative":1,"periodic":0}],"gesture_schedule":[{"controller":"Base","type":"Base_Basepose_1_1","pose":1,"relative":0,"periodic":0,"phase":"pre","start":6,"duration":709},{"controller":"BothArm1","type":"Point_Who_BothArm_You_1","pose":0,"relative":0,"periodic":0,"phase":"pre","start":6,"duration":476},{"controller":"BothArm1","type":"Point_Who_BothArm_You_1","pose":0,"relative":0,"periodic":0,"phase":"stroke","start":602,"duration":455},{"controller":"BothArm1","type":"Point_Who_BothArm_You_1","pose":0,"relative":0,"periodic":0,"phase":"relax","start":1057,"duration":585},{"controller":"RArm1","type":"Object_Shape_Heart_1","pose":0,"relative":0,"periodic":0,"phase":"relax","start":6,"duration":476},{"controller":"Head1","type":"Head_Bow_2","pose":0,"relative":1,"periodic":0,"phase":"stroke","start":6,"duration":709},{"controller":"Head1","type":"Head_Bow_2","pose":0,"relative":1,"periodic":0,"phase":"relax","start":715,"duration":537}],"face":[{"controller":"Face","type":"Hopeful","relax":[],"stroke":[["t0","t1"]]},{"controller":"Face","type":"Hopeful","relax":[["t11","t12"]],"stroke":[]}],"face_schedule":[{"controller":"Face","type":"Hopeful","duration":119,"phase":"stroke","start":6},{"controller":"Face","type":"Hopeful","duration":195,"phase":"relax","start":1447}],"command":[],"command_schedule":[],"ui":[],"SpecialCommands":null,"audio_id":"talk-lunch-end-1-02","audio_schedule":[{"type":"start","time":0},{"type":"stop","time":2115}],"ui_schedule":[],"duration":2115,"name":"action","sound_schedule":[],"Description":"","Date":"2019.09.16-12.02.39","sound":[]}}