{"Script":{"line":"이제 폐장 시간입니다","line_timestamp":"이제 폐장 시간입니다","gesture":[{"controller":"Base","type":"Base_Basepose_1_1","pre":[["t0","t4"]],"stroke":[],"relax":[],"pose":1,"relative":0,"periodic":0},{"controller":"BothArm1","type":"Hand_BothForward_Make_4_3","pre":[["t0","t3"]],"stroke":[["t3","t7"]],"relax":[["t7","t11"]],"pose":0,"relative":0,"periodic":0},{"controller":"Head1","type":"Head_Bow_3","pre":[],"stroke":[["t0","t5"]],"relax":[],"pose":0,"relative":1,"periodic":0},{"controller":"Head1","type":"Head_Bow_3","pre":[],"stroke":[],"relax":[["t6","t10"]],"pose":0,"relative":1,"periodic":0}],"gesture_schedule":[{"controller":"Base","type":"Base_Basepose_1_1","pose":1,"relative":0,"periodic":0,"phase":"pre","start":6,"duration":390},{"controller":"BothArm1","type":"Hand_BothForward_Make_4_3","pose":0,"relative":0,"periodic":0,"phase":"pre","start":6,"duration":268},{"controller":"BothArm1","type":"Hand_BothForward_Make_4_3","pose":0,"relative":0,"periodic":0,"phase":"stroke","start":274,"duration":558},{"controller":"BothArm1","type":"Hand_BothForward_Make_4_3","pose":0,"relative":0,"periodic":0,"phase":"relax","start":832,"duration":767},{"controller":"Head1","type":"Head_Bow_3","pose":0,"relative":1,"periodic":0,"phase":"stroke","start":6,"duration":512},{"controller":"Head1","type":"Head_Bow_3","pose":0,"relative":1,"periodic":0,"phase":"relax","start":641,"duration":764}],"face":[{"controller":"Face","type":"Smile","relax":[],"stroke":[["t5","t7"]]},{"controller":"Face","type":"Smile","relax":[["t9","t10"]],"stroke":[]}],"face_schedule":[{"controller":"Face","type":"Smile","duration":314,"phase":"stroke","start":518},{"controller":"Face","type":"Smile","duration":191,"phase":"relax","start":1214}],"command":[],"command_schedule":[],"ui":[],"SpecialCommands":null,"audio_id":"talk-close-1-01","audio_schedule":[{"type":"start","time":0},{"type":"stop","time":1671}],"ui_schedule":[],"duration":1671,"name":"action","sound_schedule":[],"Description":"","Date":"2019.09.16-12.02.39","sound":[]}}