{"Script":{"line":"지금부터 스마트 구로 홍보관을 폐장하겠습니다","line_timestamp":"지금부터 스마트 구로 홍보관을 폐장하겠습니다*700","gesture":[{"controller":"Base","type":"Base_Basepose_1_1","pre":[["t0","t4"]],"stroke":[],"relax":[],"pose":1,"relative":0,"periodic":0},{"controller":"BothArm1","type":"Hand_BothDown_Make_3_2_2_2","pre":[["t12","t16"]],"stroke":[["t16","t20"]],"relax":[["t20","t23"]],"pose":0,"relative":0,"periodic":0},{"controller":"Head1","type":"Head_NodDown_2","pre":[],"stroke":[["t0","t4"],["t4","t9"]],"relax":[],"pose":0,"relative":1,"periodic":1},{"controller":"Head1","type":"Head_NodDown_2","pre":[],"stroke":[["t15","t19"],["t19","t23"]],"relax":[],"pose":0,"relative":1,"periodic":1}],"gesture_schedule":[{"controller":"Base","type":"Base_Basepose_1_1","pose":1,"relative":0,"periodic":0,"phase":"pre","start":6,"duration":512},{"controller":"BothArm1","type":"Hand_BothDown_Make_3_2_2_2","pose":0,"relative":0,"periodic":0,"phase":"pre","start":1367,"duration":512},{"controller":"BothArm1","type":"Hand_BothDown_Make_3_2_2_2","pose":0,"relative":0,"periodic":0,"phase":"stroke","start":1879,"duration":647},{"controller":"BothArm1","type":"Hand_BothDown_Make_3_2_2_2","pose":0,"relative":0,"periodic":0,"phase":"relax","start":2526,"duration":519},{"controller":"Head1","type":"Head_NodDown_2","pose":0,"relative":1,"periodic":1,"phase":"stroke","start":6,"duration":512},{"controller":"Head1","type":"Head_NodDown_2","pose":0,"relative":1,"periodic":1,"phase":"stroke","start":518,"duration":559},{"controller":"Head1","type":"Head_NodDown_2","pose":0,"relative":1,"periodic":1,"phase":"stroke","start":1751,"duration":602},{"controller":"Head1","type":"Head_NodDown_2","pose":0,"relative":1,"periodic":1,"phase":"stroke","start":2353,"duration":692}],"face":[{"controller":"Face","type":"Smile","relax":[],"stroke":[["t0","t2"]]},{"controller":"Face","type":"Smile","relax":[["t22","t24"]],"stroke":[]}],"face_schedule":[{"controller":"Face","type":"Smile","duration":256,"phase":"stroke","start":6},{"controller":"Face","type":"Smile","duration":351,"phase":"relax","start":2872}],"command":[],"command_schedule":[],"ui":[],"SpecialCommands":null,"audio_id":"talk-close-greeting-1-04","audio_schedule":[{"type":"start","time":0},{"type":"stop","time":3291}],"ui_schedule":[],"duration":3991,"name":"action","sound_schedule":[],"Description":"","Date":"2019.09.16-12.03.20","sound":[]}}