{"Script":{"line":"점심 시간이 끝났습니다","line_timestamp":"점심 시간이 끝났습니다","gesture":[{"controller":"Base","type":"Base_Basepose_1_1","pre":[["t0","t3"]],"stroke":[],"relax":[],"pose":1,"relative":0,"periodic":0},{"controller":"BothArm1","type":"Hand_BothSide_MakePose_3_2","pre":[["t0","t3"]],"stroke":[["t3","t7"]],"relax":[],"pose":1,"relative":0,"periodic":0},{"controller":"BothArm1","type":"Hand_BothSide_MakePose_3_2","pre":[],"stroke":[],"relax":[["t8","t10"]],"pose":1,"relative":0,"periodic":0},{"controller":"Head1","type":"Head_NodDown_2","pre":[],"stroke":[["t0","t4"]],"relax":[],"pose":0,"relative":1,"periodic":1}],"gesture_schedule":[{"controller":"Base","type":"Base_Basepose_1_1","pose":1,"relative":0,"periodic":0,"phase":"pre","start":6,"duration":357},{"controller":"BothArm1","type":"Hand_BothSide_MakePose_3_2","pose":1,"relative":0,"periodic":0,"phase":"pre","start":6,"duration":357},{"controller":"BothArm1","type":"Hand_BothSide_MakePose_3_2","pose":1,"relative":0,"periodic":0,"phase":"stroke","start":363,"duration":365},{"controller":"BothArm1","type":"Hand_BothSide_MakePose_3_2","pose":1,"relative":0,"periodic":0,"phase":"relax","start":929,"duration":402},{"controller":"Head1","type":"Head_NodDown_2","pose":0,"relative":1,"periodic":1,"phase":"stroke","start":6,"duration":448}],"face":[{"controller":"Face","type":"Smile","relax":[],"stroke":[["t0","t3"]]},{"controller":"Face","type":"Smile","relax":[["t8","t10"]],"stroke":[]}],"face_schedule":[{"controller":"Face","type":"Smile","duration":357,"phase":"stroke","start":6},{"controller":"Face","type":"Smile","duration":402,"phase":"relax","start":929}],"command":[],"command_schedule":[],"ui":[],"SpecialCommands":null,"audio_id":"talk-lunch-end-1-01","audio_schedule":[{"type":"start","time":0},{"type":"stop","time":1802}],"ui_schedule":[],"duration":1802,"name":"action","sound_schedule":[],"Description":"","Date":"2019.09.16-12.02.39","sound":[]}}