{"Script":{"line":"행복한 오후 맞이하시길 바랍니다","line_timestamp":"행복한 오후 맞이하시길 바랍니다","gesture":[{"controller":"Base","type":"Base_Basepose_1_1","pre":[["t0","t2"]],"stroke":[],"relax":[],"pose":1,"relative":0,"periodic":0},{"controller":"BothArm1","type":"Hand_BothDown_Make_3_2_2_1","pre":[["t0","t4"]],"stroke":[["t4","t12"]],"relax":[],"pose":0,"relative":0,"periodic":0},{"controller":"BothArm1","type":"Hand_BothDown_Make_3_2_2_1","pre":[],"stroke":[],"relax":[["t13","t17"]],"pose":0,"relative":0,"periodic":0},{"controller":"Head1","type":"Head_NodDown_2","pre":[],"stroke":[["t0","t7"]],"relax":[],"pose":0,"relative":1,"periodic":1}],"gesture_schedule":[{"controller":"Base","type":"Base_Basepose_1_1","pose":1,"relative":0,"periodic":0,"phase":"pre","start":6,"duration":266},{"controller":"BothArm1","type":"Hand_BothDown_Make_3_2_2_1","pose":0,"relative":0,"periodic":0,"phase":"pre","start":6,"duration":534},{"controller":"BothArm1","type":"Hand_BothDown_Make_3_2_2_1","pose":0,"relative":0,"periodic":0,"phase":"stroke","start":540,"duration":779},{"controller":"BothArm1","type":"Hand_BothDown_Make_3_2_2_1","pose":0,"relative":0,"periodic":0,"phase":"relax","start":1438,"duration":760},{"controller":"Head1","type":"Head_NodDown_2","pose":0,"relative":1,"periodic":1,"phase":"stroke","start":6,"duration":738}],"face":[{"controller":"Face","type":"Smile","relax":[],"stroke":[["t0","t2"]]},{"controller":"Face","type":"Hopeful","relax":[],"stroke":[["t9","t11"]]}],"face_schedule":[{"controller":"Face","type":"Smile","duration":266,"phase":"stroke","start":6},{"controller":"Face","type":"Hopeful","duration":230,"phase":"stroke","start":974}],"command":[],"command_schedule":[],"ui":[],"SpecialCommands":null,"audio_id":"talk-lunch-2-02","audio_schedule":[{"type":"start","time":0},{"type":"stop","time":2272}],"ui_schedule":[],"duration":2272,"name":"action","sound_schedule":[],"Description":"","Date":"2019.09.16-12.02.39","sound":[]}}