{"Script":{"line":"즐거운 점심 시간 보내시고","line_timestamp":"즐거운 점심 시간 보내시고","gesture":[{"controller":"Base","type":"Base_Basepose_1_1","pre":[["t0","t2"]],"stroke":[],"relax":[],"pose":1,"relative":0,"periodic":0},{"controller":"BothArm1","type":"Hand_BothUp_Welcome_1","pre":[["t0","t3"]],"stroke":[["t3","t6"]],"relax":[],"pose":0,"relative":0,"periodic":0},{"controller":"BothArm1","type":"Hand_BothUp_Welcome_1","pre":[],"stroke":[],"relax":[["t11","t14"]],"pose":0,"relative":0,"periodic":0},{"controller":"Head1","type":"Head_TiltR_2","pre":[],"stroke":[["t0","t5"],["t5","t10"]],"relax":[],"pose":0,"relative":1,"periodic":1}],"gesture_schedule":[{"controller":"Base","type":"Base_Basepose_1_1","pose":1,"relative":0,"periodic":0,"phase":"pre","start":6,"duration":248},{"controller":"BothArm1","type":"Hand_BothUp_Welcome_1","pose":0,"relative":0,"periodic":0,"phase":"pre","start":6,"duration":372},{"controller":"BothArm1","type":"Hand_BothUp_Welcome_1","pose":0,"relative":0,"periodic":0,"phase":"stroke","start":378,"duration":351},{"controller":"BothArm1","type":"Hand_BothUp_Welcome_1","pose":0,"relative":0,"periodic":0,"phase":"relax","start":1348,"duration":589},{"controller":"Head1","type":"Head_TiltR_2","pose":0,"relative":1,"periodic":1,"phase":"stroke","start":6,"duration":610},{"controller":"Head1","type":"Head_TiltR_2","pose":0,"relative":1,"periodic":1,"phase":"stroke","start":616,"duration":536}],"face":[{"controller":"Face","type":"Smile","relax":[],"stroke":[["t0","t2"]]},{"controller":"Face","type":"Smile","relax":[["t12","t14"]],"stroke":[]}],"face_schedule":[{"controller":"Face","type":"Smile","duration":248,"phase":"stroke","start":6},{"controller":"Face","type":"Smile","duration":393,"phase":"relax","start":1544}],"command":[],"command_schedule":[],"ui":[],"SpecialCommands":null,"audio_id":"talk-lunch-2-01","audio_schedule":[{"type":"start","time":0},{"type":"stop","time":2011}],"ui_schedule":[],"duration":2011,"name":"action","sound_schedule":[],"Description":"","Date":"2019.09.16-12.02.39","sound":[]}}