{"ID":"0","Script":{"line":"음성 인식 관광 안내는","line_timestamp":"음성 인식 관광 안내는","gesture":null,"command_schedule":null,"face":null,"gesture_schedule":null,"blink":null,"face_schedule":null,"command":null,"blink_schedule":null,"ui":null,"SpecialCommands":null,"audio_id":"voice-travel-1-05","audio_schedule":[{"type":"start","time":0},{"type":"stop","time":1776}],"panel_schedule":null,"duration":1776,"name":"action","Flag":null,"NonTextTimestamp":null,"Description":"","Date":""}}