{"ID":"0","Script":{"line":"구로 관광 안내도는 음성인식 관광 안내 서비스입니다","line_timestamp":"구로 관광 안내도는 음성인식 관광 안내 서비스입니다","gesture":null,"command_schedule":null,"face":null,"gesture_schedule":null,"blink":null,"face_schedule":null,"command":null,"blink_schedule":null,"ui":null,"SpecialCommands":null,"audio_id":"voice-travel-1-01","audio_schedule":[{"type":"start","time":0},{"type":"stop","time":3709}],"panel_schedule":null,"duration":3709,"name":"action","Flag":null,"NonTextTimestamp":null,"Description":"","Date":""}}