{"ID":"0","Script":{"line":"현재 신도림역 인근의 주요 관광 정보만을 담고 있습니다","line_timestamp":"현재 신도림역 인근의 주요 관광 정보만을 담고 있습니다","gesture":null,"command_schedule":null,"face":null,"gesture_schedule":null,"blink":null,"face_schedule":null,"command":null,"blink_schedule":null,"ui":null,"SpecialCommands":null,"audio_id":"voice-travel-1-06","audio_schedule":[{"type":"start","time":0},{"type":"stop","time":3944}],"panel_schedule":null,"duration":3944,"name":"action","Flag":null,"NonTextTimestamp":null,"Description":"","Date":""}}