{"ID":"0","Script":{"line":"마이크를 터치하고 말씀해 보세요","line_timestamp":"마이크를 터치하고 말씀해 보세요","gesture":null,"command_schedule":null,"face":null,"gesture_schedule":null,"blink":null,"face_schedule":null,"command":null,"blink_schedule":null,"ui":null,"SpecialCommands":null,"audio_id":"voice-travel-1-02","audio_schedule":[{"type":"start","time":0},{"type":"stop","time":2403}],"panel_schedule":null,"duration":2403,"name":"action","Flag":null,"NonTextTimestamp":null,"Description":"","Date":""}}