{"ID":"0","Script":{"line":"이곳 전시 환경에서는 성능이 다소 부족할 수 있습니다","line_timestamp":"이곳 전시 환경에서는 성능이 다소 부족할 수 있습니다","gesture":null,"command_schedule":null,"face":null,"gesture_schedule":null,"blink":null,"face_schedule":null,"command":null,"blink_schedule":null,"ui":null,"SpecialCommands":null,"audio_id":"voice-travel-1-07","audio_schedule":[{"type":"start","time":0},{"type":"stop","time":3918}],"panel_schedule":null,"duration":3918,"name":"action","Flag":null,"NonTextTimestamp":null,"Description":"","Date":""}}