{"ID":"0","Script":{"line":"구로구와 엘지전자 인공지능연구소가 협업하여","line_timestamp":"구로구와 엘지전자 인공지능연구소가 협업하여","gesture":null,"command_schedule":null,"face":null,"gesture_schedule":null,"blink":null,"face_schedule":null,"command":null,"blink_schedule":null,"ui":null,"SpecialCommands":null,"audio_id":"voice-travel-1-03","audio_schedule":[{"type":"start","time":0},{"type":"stop","time":3239}],"panel_schedule":null,"duration":3239,"name":"action","Flag":null,"NonTextTimestamp":null,"Description":"","Date":""}}