{"ID":"0","Script":{"line":"신도림 역 인근의 맛집이 궁금하지 않으세요","line_timestamp":"신도림 역 인근의 맛집이 궁금하지 않으세요","gesture":null,"command_schedule":null,"face":null,"gesture_schedule":null,"blink":null,"face_schedule":null,"command":null,"blink_schedule":null,"ui":null,"SpecialCommands":null,"audio_id":"voice-travel-1-09","audio_schedule":[{"type":"start","time":0},{"type":"stop","time":2873}],"panel_schedule":null,"duration":2873,"name":"action","Flag":null,"NonTextTimestamp":null,"Description":"","Date":""}}