{"ID":"0","Script":{"line":"공공 장소 내 음성인식 서비스를 선보이고 있습니다","line_timestamp":"공공 장소 내 음성인식 서비스를 선보이고 있습니다","gesture":null,"command_schedule":null,"face":null,"gesture_schedule":null,"blink":null,"face_schedule":null,"command":null,"blink_schedule":null,"ui":null,"SpecialCommands":null,"audio_id":"voice-travel-1-04","audio_schedule":[{"type":"start","time":0},{"type":"stop","time":3526}],"panel_schedule":null,"duration":3526,"name":"action","Flag":null,"NonTextTimestamp":null,"Description":"","Date":""}}