{"ID":"0","Script":{"line":"양해 부탁드리며 많은 이용 바랍니다","line_timestamp":"양해 부탁드리며 많은 이용 바랍니다","gesture":null,"command_schedule":null,"face":null,"gesture_schedule":null,"blink":null,"face_schedule":null,"command":null,"blink_schedule":null,"ui":null,"SpecialCommands":null,"audio_id":"voice-travel-1-08","audio_schedule":[{"type":"start","time":0},{"type":"stop","time":3186}],"panel_schedule":null,"duration":3186,"name":"action","Flag":null,"NonTextTimestamp":null,"Description":"","Date":""}}