{"Script":{"line":"스마트 구로 홍보관에 와 주셔서 감사합니다","line_timestamp":"스마트 구로 홍보관에 와 주셔서 감사합니다*300","gesture":[{"controller":"Base","type":"Base_Basepose_1_1","pre":[["t0","t2"]],"stroke":[],"relax":[],"pose":1,"relative":0,"periodic":0},{"controller":"FullBody1","type":"Hand_BothUp_Make_2_4_3_2","pre":[["t0","t5"]],"stroke":[["t5","t10"]],"relax":[["t10","t17"]],"pose":0,"relative":0,"periodic":0},{"controller":"FullBody1","type":"UpperBody_BowPush_2","pre":[],"stroke":[["t17","t21"]],"relax":[["t21","t24"]],"pose":0,"relative":1,"periodic":0},{"controller":"Head1","type":"Head_NodDown_2","pre":[],"stroke":[["t0","t5"],["t5","t11"]],"relax":[],"pose":0,"relative":1,"periodic":1}],"gesture_schedule":[{"controller":"Base","type":"Base_Basepose_1_1","pose":1,"relative":0,"periodic":0,"phase":"pre","start":6,"duration":218},{"controller":"FullBody1","type":"Hand_BothUp_Make_2_4_3_2","pose":0,"relative":0,"periodic":0,"phase":"pre","start":6,"duration":510},{"controller":"FullBody1","type":"Hand_BothUp_Make_2_4_3_2","pose":0,"relative":0,"periodic":0,"phase":"stroke","start":516,"duration":482},{"controller":"FullBody1","type":"Hand_BothUp_Make_2_4_3_2","pose":0,"relative":0,"periodic":0,"phase":"relax","start":998,"duration":763},{"controller":"FullBody1","type":"UpperBody_BowPush_2","pose":0,"relative":1,"periodic":0,"phase":"stroke","start":1761,"duration":696},{"controller":"FullBody1","type":"UpperBody_BowPush_2","pose":0,"relative":1,"periodic":0,"phase":"relax","start":2457,"duration":690},{"controller":"Head1","type":"Head_NodDown_2","pose":0,"relative":1,"periodic":1,"phase":"stroke","start":6,"duration":510},{"controller":"Head1","type":"Head_NodDown_2","pose":0,"relative":1,"periodic":1,"phase":"stroke","start":516,"duration":594}],"face":[{"controller":"Face","type":"Smile","relax":[],"stroke":[["t0","t2"]]},{"controller":"Face","type":"Smile","relax":[["t22","t24"]],"stroke":[]}],"face_schedule":[{"controller":"Face","type":"Smile","duration":218,"phase":"stroke","start":6},{"controller":"Face","type":"Smile","duration":495,"phase":"relax","start":2652}],"command":[{"controller":"GazeHead","command":"Fix","stroke":[["t16","t17"]],"relax":[]},{"controller":"GazeHead","command":"Release","stroke":[["t23","t24"]],"relax":[]},{"controller":"GazeHead","command":"SetPermitFlag","stroke":[["t16","t17"]],"relax":[],"permitHeadCS":"False","permitEyeCS":"False"},{"controller":"GazeHead","command":"SetPermitFlag","stroke":[["t23","t24"]],"relax":[],"permitHeadCS":"True","permitEyeCS":"True"}],"command_schedule":[{"controller":"GazeHead","command":"Fix","phase":"stroke","relax":[],"start":1654,"duration":107},{"controller":"GazeHead","command":"Release","phase":"stroke","relax":[],"start":2847,"duration":300},{"controller":"GazeHead","command":"SetPermitFlag","phase":"stroke","relax":[],"permitHeadCS":"False","permitEyeCS":"False","start":1654,"duration":107},{"controller":"GazeHead","command":"SetPermitFlag","phase":"stroke","relax":[],"permitHeadCS":"True","permitEyeCS":"True","start":2847,"duration":300}],"ui":[],"SpecialCommands":null,"audio_id":"welcome-2-01","audio_schedule":[{"type":"start","time":0},{"type":"stop","time":2925}],"ui_schedule":[],"duration":3225,"name":"action","sound_schedule":[],"Description":"","Date":"2019.08.26-20.26.31","sound":[]}}