{"Script":{"line":"스마트 구로 홍보관 방문을 환영합니다","line_timestamp":"스마트 구로 홍보관 방문을 환영합니다*500","gesture":[{"controller":"Base","type":"Base_Basepose_1_1","pre":[["t0","t2"]],"stroke":[],"relax":[],"pose":1,"relative":0,"periodic":0},{"controller":"FullBody1","type":"Hand_Up_Welcome_1","pre":[["t9","t13"]],"stroke":[["t13","t19"]],"relax":[["t19","t21"]],"pose":0,"relative":0,"periodic":0},{"controller":"FullBody1","type":"Head_NodDown_3","pre":[],"stroke":[["t0","t5"],["t5","t9"]],"relax":[],"pose":0,"relative":1,"periodic":1},{"controller":"Head1","type":"Head_TiltR_2","pre":[],"stroke":[["t14","t18"],["t18","t21"]],"relax":[],"pose":0,"relative":1,"periodic":1}],"gesture_schedule":[{"controller":"Base","type":"Base_Basepose_1_1","pose":1,"relative":0,"periodic":0,"phase":"pre","start":6,"duration":226},{"controller":"FullBody1","type":"Hand_Up_Welcome_1","pose":0,"relative":0,"periodic":0,"phase":"pre","start":1010,"duration":482},{"controller":"FullBody1","type":"Hand_Up_Welcome_1","pose":0,"relative":0,"periodic":0,"phase":"stroke","start":1492,"duration":955},{"controller":"FullBody1","type":"Hand_Up_Welcome_1","pose":0,"relative":0,"periodic":0,"phase":"relax","start":2447,"duration":686},{"controller":"FullBody1","type":"Head_NodDown_3","pose":0,"relative":1,"periodic":1,"phase":"stroke","start":6,"duration":548},{"controller":"FullBody1","type":"Head_NodDown_3","pose":0,"relative":1,"periodic":1,"phase":"stroke","start":554,"duration":456},{"controller":"Head1","type":"Head_TiltR_2","pose":0,"relative":1,"periodic":1,"phase":"stroke","start":1602,"duration":662},{"controller":"Head1","type":"Head_TiltR_2","pose":0,"relative":1,"periodic":1,"phase":"stroke","start":2264,"duration":869}],"face":[{"controller":"Face","type":"Smile","relax":[],"stroke":[["t0","t2"]]},{"controller":"Face","type":"Smile","relax":[["t19","t21"]],"stroke":[]}],"face_schedule":[{"controller":"Face","type":"Smile","duration":226,"phase":"stroke","start":6},{"controller":"Face","type":"Smile","duration":686,"phase":"relax","start":2447}],"command":[],"command_schedule":[],"ui":[],"SpecialCommands":null,"audio_id":"welcome-1-01","audio_schedule":[{"type":"start","time":0},{"type":"stop","time":2716}],"ui_schedule":[],"duration":3216,"name":"action","sound_schedule":[],"Description":"","Date":"2019.08.26-20.26.31","sound":[]}}