{"Script":{"line":"지금까지 열여섯개의 부스에 대해서,간략하게 소개를 드렸습니다","gesture_schedule":[{"controller":"BothArm1","type":"Point_Who_BothArm_Yous_1","pose":0,"relative":0,"periodic":0,"phase":"pre","start":6,"duration":480},{"controller":"BothArm1","type":"Point_Who_BothArm_Yous_1","pose":0,"relative":0,"periodic":0,"phase":"stroke","start":607,"duration":1048},{"controller":"BothArm1","type":"Object_Measure_WIdth_2","pose":0,"relative":0,"periodic":0,"phase":"pre","start":1764,"duration":546},{"controller":"BothArm1","type":"Object_Measure_WIdth_2","pose":0,"relative":0,"periodic":0,"phase":"stroke","start":2493,"duration":244},{"start":3106,"periodic":0,"controller":"BothArm1","phase":"relax","pose":0,"type":"Object_Measure_WIdth_2","duration":591,"relative":0},{"start":2493,"periodic":1,"controller":"Head1","phase":"stroke","pose":0,"type":"Head_Nod_3","duration":488,"relative":1},{"start":2981,"periodic":1,"controller":"Head1","phase":"stroke","pose":0,"type":"Head_Nod_3","duration":428,"relative":1},{"start":6,"periodic":1,"controller":"Breathing","phase":"stroke","pose":0,"type":"Breathing_3","duration":601,"relative":1},{"start":1331,"periodic":1,"controller":"Breathing","phase":"stroke","pose":0,"type":"Breathing_3","duration":979,"relative":1}],"face_schedule":[{"phase":"stroke","type":"Amused","start":246,"duration":361,"controller":"Face"},{"phase":"relax","type":"Amused","start":1439,"duration":325,"controller":"Face"},{"phase":"stroke","type":"Tender","start":1764,"duration":546,"controller":"Face"},{"phase":"relax","type":"Tender","start":3884,"duration":374,"controller":"Face"}],"blink_schedule":[],"command_schedule":[],"SpecialCommands":[],"audio_id":"ques_01_001","audio_schedule":[{"type":"start","time":0},{"type":"stop","time":4519}],"panel_schedule":[],"duration":4519,"name":"","Flag":{"Upper":2,"Rotate":2,"Head":2}},"Id":"0"};