{"Script":{"line":"우리나라의 유일한 애니메이션 박물관으로 애니메이션에 관한 자료를 발굴 수집 전시 연구하고 있습니다","line_timestamp":"우리나라의 유일한 애니메이션 박물관으로 애니메이션에 관한 자료를 발굴 수집 전시 연구하고 있습니다","gesture":[{"controller":"Base","type":"Base_Basepose_1_1","pre":[["t0","t2"]],"stroke":[],"relax":[],"pose":1,"relative":0,"periodic":0},{"controller":"FullBody1","type":"Hand_BothUp_Make_2_4_3_2","pre":[["t0","t2"]],"stroke":[["t2","t6"]],"relax":[["t6","t10"]],"pose":0,"relative":0,"periodic":0},{"controller":"FullBody1","type":"Hand_BothFist_Make_3_2","pre":[["t18","t21"]],"stroke":[["t21","t29"]],"relax":[["t29","t34"]],"pose":0,"relative":0,"periodic":0},{"controller":"RArm1","type":"Hand_Up_Welcome_1","pre":[["t36","t40"]],"stroke":[["t40","t45"]],"relax":[["t45","t49"]],"pose":0,"relative":0,"periodic":0},{"controller":"Head1","type":"Head_TiltR_3","pre":[],"stroke":[["t0","t5"],["t5","t9"]],"relax":[],"pose":0,"relative":1,"periodic":1},{"controller":"Head1","type":"Head_NodDown_3","pre":[],"stroke":[["t10","t15"],["t15","t19"]],"relax":[],"pose":0,"relative":1,"periodic":1},{"controller":"Head1","type":"Head_NodDown_3","pre":[],"stroke":[["t36","t40"],["t40","t45"]],"relax":[],"pose":0,"relative":1,"periodic":1}],"gesture_schedule":[{"controller":"Base","type":"Base_Basepose_1_1","pose":1,"relative":0,"periodic":0,"phase":"pre","start":6,"duration":204},{"controller":"FullBody1","type":"Hand_BothUp_Make_2_4_3_2","pose":0,"relative":0,"periodic":0,"phase":"pre","start":6,"duration":204},{"controller":"FullBody1","type":"Hand_BothUp_Make_2_4_3_2","pose":0,"relative":0,"periodic":0,"phase":"stroke","start":210,"duration":413},{"controller":"FullBody1","type":"Hand_BothUp_Make_2_4_3_2","pose":0,"relative":0,"periodic":0,"phase":"relax","start":623,"duration":382},{"controller":"FullBody1","type":"Hand_BothFist_Make_3_2","pose":0,"relative":0,"periodic":0,"phase":"pre","start":1907,"duration":402},{"controller":"FullBody1","type":"Hand_BothFist_Make_3_2","pose":0,"relative":0,"periodic":0,"phase":"stroke","start":2309,"duration":840},{"controller":"FullBody1","type":"Hand_BothFist_Make_3_2","pose":0,"relative":0,"periodic":0,"phase":"relax","start":3149,"duration":517},{"controller":"RArm1","type":"Hand_Up_Welcome_1","pose":0,"relative":0,"periodic":0,"phase":"pre","start":3892,"duration":922},{"controller":"RArm1","type":"Hand_Up_Welcome_1","pose":0,"relative":0,"periodic":0,"phase":"stroke","start":4814,"duration":1061},{"controller":"RArm1","type":"Hand_Up_Welcome_1","pose":0,"relative":0,"periodic":0,"phase":"relax","start":5875,"duration":460},{"controller":"Head1","type":"Head_TiltR_3","pose":0,"relative":1,"periodic":1,"phase":"stroke","start":6,"duration":510},{"controller":"Head1","type":"Head_TiltR_3","pose":0,"relative":1,"periodic":1,"phase":"stroke","start":516,"duration":392},{"controller":"Head1","type":"Head_NodDown_3","pose":0,"relative":1,"periodic":1,"phase":"stroke","start":1005,"duration":525},{"controller":"Head1","type":"Head_NodDown_3","pose":0,"relative":1,"periodic":1,"phase":"stroke","start":1530,"duration":511},{"controller":"Head1","type":"Head_NodDown_3","pose":0,"relative":1,"periodic":1,"phase":"stroke","start":3892,"duration":922},{"controller":"Head1","type":"Head_NodDown_3","pose":0,"relative":1,"periodic":1,"phase":"stroke","start":4814,"duration":1061}],"face":[{"controller":"Face","type":"Smile","relax":[],"stroke":[["t0","t2"]]},{"controller":"Face","type":"Proud","relax":[["t52","t54"]],"stroke":[]}],"face_schedule":[{"controller":"Face","type":"Smile","duration":204,"phase":"stroke","start":6},{"controller":"Face","type":"Proud","duration":367,"phase":"relax","start":6820}],"command":[],"command_schedule":[],"ui":[],"SpecialCommands":null,"audio_id":"am-intro-01","audio_schedule":[{"type":"start","time":0},{"type":"stop","time":7262}],"ui_schedule":[],"duration":7262,"name":"action","sound_schedule":[],"Description":"","Date":"2020.11.17-21.43.32","sound":[]}}