{"Script":{"line":"애니메이션을 주제로 한 다양한 체험도 할 수 있습니다","line_timestamp":"애니메이션을 주제로 한 다양한 체험도 할 수 있습니다","gesture":[{"controller":"Base","type":"Base_Basepose_1_1","pre":[["t0","t2"]],"stroke":[],"relax":[],"pose":1,"relative":0,"periodic":0},{"controller":"FullBody1","type":"Hand_BothUp_Make_3_3_2_3","pre":[["t0","t4"]],"stroke":[["t4","t16"]],"relax":[["t16","t24"]],"pose":0,"relative":0,"periodic":0},{"controller":"Head1","type":"Head_NodDown_2","pre":[],"stroke":[["t0","t6"],["t6","t12"]],"relax":[],"pose":0,"relative":1,"periodic":1}],"gesture_schedule":[{"controller":"Base","type":"Base_Basepose_1_1","pose":1,"relative":0,"periodic":0,"phase":"pre","start":6,"duration":208},{"controller":"FullBody1","type":"Hand_BothUp_Make_3_3_2_3","pose":0,"relative":0,"periodic":0,"phase":"pre","start":6,"duration":416},{"controller":"FullBody1","type":"Hand_BothUp_Make_3_3_2_3","pose":0,"relative":0,"periodic":0,"phase":"stroke","start":422,"duration":1297},{"controller":"FullBody1","type":"Hand_BothUp_Make_3_3_2_3","pose":0,"relative":0,"periodic":0,"phase":"relax","start":1719,"duration":807},{"controller":"Head1","type":"Head_NodDown_2","pose":0,"relative":1,"periodic":1,"phase":"stroke","start":6,"duration":624},{"controller":"Head1","type":"Head_NodDown_2","pose":0,"relative":1,"periodic":1,"phase":"stroke","start":630,"duration":622}],"face":[{"controller":"Face","type":"Amused","relax":[],"stroke":[["t0","t2"]]},{"controller":"Face","type":"Amused","relax":[["t27","t29"]],"stroke":[]}],"face_schedule":[{"controller":"Face","type":"Amused","duration":208,"phase":"stroke","start":6},{"controller":"Face","type":"Amused","duration":381,"phase":"relax","start":2978}],"command":[],"command_schedule":[],"ui":[],"SpecialCommands":null,"audio_id":"am-intro-03","audio_schedule":[{"type":"start","time":0},{"type":"stop","time":3422}],"ui_schedule":[],"duration":3422,"name":"action","sound_schedule":[],"Description":"","Date":"2020.11.17-21.45.00","sound":[]}}