{"Script":{"line":"애니메이션의 기원부터 종류 제작기법 제작과정 부터 한국과 세계 애니메이션 역사를 살펴볼 수 있으며","line_timestamp":"애니메이션의 기원부터 종류 제작기법 제작과정 부터 한국과 세계 애니메이션 역사를 살펴볼 수 있으며","gesture":[{"controller":"Base","type":"Base_Basepose_1_1","pre":[["t0","t2"]],"stroke":[],"relax":[],"pose":1,"relative":0,"periodic":0},{"controller":"BothArm1","type":"Hand_BothDown_Make_3_2_2_1","pre":[["t0","t4"]],"stroke":[["t4","t14"]],"relax":[["t14","t19"]],"pose":0,"relative":0,"periodic":0},{"controller":"LArm1","type":"Hand_Up_Make_3_3_2_3","pre":[["t28","t31"]],"stroke":[["t31","t36"]],"relax":[["t36","t41"]],"pose":0,"relative":0,"periodic":0},{"controller":"Head1","type":"Head_NodDown_2","pre":[],"stroke":[["t0","t7"],["t7","t12"]],"relax":[],"pose":0,"relative":1,"periodic":1},{"controller":"Head1","type":"Head_NodDown_2","pre":[],"stroke":[["t20","t25"],["t25","t29"]],"relax":[],"pose":0,"relative":1,"periodic":1},{"controller":"Head1","type":"Head_TiltR_2","pre":[],"stroke":[["t41","t47"],["t47","t52"]],"relax":[],"pose":0,"relative":1,"periodic":1}],"gesture_schedule":[{"controller":"Base","type":"Base_Basepose_1_1","pose":1,"relative":0,"periodic":0,"phase":"pre","start":6,"duration":206},{"controller":"BothArm1","type":"Hand_BothDown_Make_3_2_2_1","pose":0,"relative":0,"periodic":0,"phase":"pre","start":6,"duration":412},{"controller":"BothArm1","type":"Hand_BothDown_Make_3_2_2_1","pose":0,"relative":0,"periodic":0,"phase":"stroke","start":418,"duration":1363},{"controller":"BothArm1","type":"Hand_BothDown_Make_3_2_2_1","pose":0,"relative":0,"periodic":0,"phase":"relax","start":1781,"duration":1036},{"controller":"LArm1","type":"Hand_Up_Make_3_3_2_3","pose":0,"relative":0,"periodic":0,"phase":"pre","start":4360,"duration":402},{"controller":"LArm1","type":"Hand_Up_Make_3_3_2_3","pose":0,"relative":0,"periodic":0,"phase":"stroke","start":4762,"duration":569},{"controller":"LArm1","type":"Hand_Up_Make_3_3_2_3","pose":0,"relative":0,"periodic":0,"phase":"relax","start":5331,"duration":519},{"controller":"Head1","type":"Head_NodDown_2","pose":0,"relative":1,"periodic":1,"phase":"stroke","start":6,"duration":727},{"controller":"Head1","type":"Head_NodDown_2","pose":0,"relative":1,"periodic":1,"phase":"stroke","start":733,"duration":600},{"controller":"Head1","type":"Head_NodDown_2","pose":0,"relative":1,"periodic":1,"phase":"stroke","start":3021,"duration":835},{"controller":"Head1","type":"Head_NodDown_2","pose":0,"relative":1,"periodic":1,"phase":"stroke","start":3856,"duration":638},{"controller":"Head1","type":"Head_TiltR_2","pose":0,"relative":1,"periodic":1,"phase":"stroke","start":5850,"duration":697},{"controller":"Head1","type":"Head_TiltR_2","pose":0,"relative":1,"periodic":1,"phase":"stroke","start":6547,"duration":612}],"face":[{"controller":"Face","type":"Smile","relax":[],"stroke":[["t0","t2"]]},{"controller":"Face","type":"Hopeful","relax":[],"stroke":[["t9","t11"]]},{"controller":"Face","type":"Hopeful","relax":[["t50","t52"]],"stroke":[]}],"face_schedule":[{"controller":"Face","type":"Smile","duration":206,"phase":"stroke","start":6},{"controller":"Face","type":"Hopeful","duration":240,"phase":"stroke","start":973},{"controller":"Face","type":"Hopeful","duration":312,"phase":"relax","start":6847}],"command":[],"command_schedule":[],"ui":[],"SpecialCommands":null,"audio_id":"am-intro-02","audio_schedule":[{"type":"start","time":0},{"type":"stop","time":7653}],"ui_schedule":[],"duration":7653,"name":"action","sound_schedule":[],"Description":"","Date":"2020.11.17-21.43.32","sound":[]}}