{"Script":{"line":"일층에는 뮤지엄샵과 구름빵 카페가 있으며 야외에 캐릭터 공원이 조성되어 있습니다","line_timestamp":"일층에는 뮤지엄샵과 구름빵 카페가 있으며 야외에 캐릭터 공원이 조성되어 있습니다","gesture":[{"controller":"Base","type":"Base_Basepose_1_1","pre":[["t0","t2"]],"stroke":[],"relax":[],"pose":1,"relative":0,"periodic":0},{"controller":"FullBody1","type":"Hand_BothFist_Make_3_3","pre":[["t8","t11"]],"stroke":[["t11","t17"]],"relax":[["t17","t20"]],"pose":0,"relative":0,"periodic":0},{"controller":"BothArm1","type":"Point_Who_BothArm_You","pre":[["t21","t24"]],"stroke":[["t24","t31"]],"relax":[["t31","t35"]],"pose":0,"relative":0,"periodic":0},{"controller":"RArm1","type":"Number_Number_1","pre":[["t0","t2"]],"stroke":[["t2","t6"]],"relax":[["t6","t10"]],"pose":0,"relative":0,"periodic":0},{"controller":"Head1","type":"Head_NodDown_5","pre":[],"stroke":[["t18","t22"],["t22","t27"]],"relax":[],"pose":0,"relative":1,"periodic":1}],"gesture_schedule":[{"controller":"Base","type":"Base_Basepose_1_1","pose":1,"relative":0,"periodic":0,"phase":"pre","start":6,"duration":220},{"controller":"FullBody1","type":"Hand_BothFist_Make_3_3","pose":0,"relative":0,"periodic":0,"phase":"pre","start":968,"duration":416},{"controller":"FullBody1","type":"Hand_BothFist_Make_3_3","pose":0,"relative":0,"periodic":0,"phase":"stroke","start":1384,"duration":747},{"controller":"FullBody1","type":"Hand_BothFist_Make_3_3","pose":0,"relative":0,"periodic":0,"phase":"relax","start":2131,"duration":429},{"controller":"BothArm1","type":"Point_Who_BothArm_You","pose":0,"relative":0,"periodic":0,"phase":"pre","start":2756,"duration":507},{"controller":"BothArm1","type":"Point_Who_BothArm_You","pose":0,"relative":0,"periodic":0,"phase":"stroke","start":3263,"duration":794},{"controller":"BothArm1","type":"Point_Who_BothArm_You","pose":0,"relative":0,"periodic":0,"phase":"relax","start":4057,"duration":393},{"controller":"RArm1","type":"Number_Number_1","pose":0,"relative":0,"periodic":0,"phase":"pre","start":6,"duration":220},{"controller":"RArm1","type":"Number_Number_1","pose":0,"relative":0,"periodic":0,"phase":"stroke","start":226,"duration":468},{"controller":"RArm1","type":"Number_Number_1","pose":0,"relative":0,"periodic":0,"phase":"relax","start":694,"duration":548},{"controller":"Head1","type":"Head_NodDown_5","pose":0,"relative":1,"periodic":1,"phase":"stroke","start":2247,"duration":705},{"controller":"Head1","type":"Head_NodDown_5","pose":0,"relative":1,"periodic":1,"phase":"stroke","start":2952,"duration":653}],"face":[{"controller":"Face","type":"Smile","relax":[],"stroke":[["t0","t2"]]},{"controller":"Face","type":"Smile","relax":[["t10","t14"]],"stroke":[]},{"controller":"Face","type":"Pleased","relax":[],"stroke":[["t15","t17"]]},{"controller":"Face","type":"Pleased","relax":[["t19","t22"]],"stroke":[]}],"face_schedule":[{"controller":"Face","type":"Smile","duration":220,"phase":"stroke","start":6},{"controller":"Face","type":"Smile","duration":526,"phase":"relax","start":1242},{"controller":"Face","type":"Pleased","duration":232,"phase":"stroke","start":1899},{"controller":"Face","type":"Pleased","duration":588,"phase":"relax","start":2364}],"command":[],"command_schedule":[],"ui":[],"SpecialCommands":null,"audio_id":"am-space-02","audio_schedule":[{"type":"start","time":0},{"type":"stop","time":5825}],"ui_schedule":[],"duration":5825,"name":"action","sound_schedule":[],"Description":"","Date":"2020.11.17-21.46.47","sound":[]}}