{"Script":{"line":"애니메이션 박물관은 일층과 이층에 전시공간과 체험공간이 있습니다","line_timestamp":"애니메이션 박물관은 일층과 이층에 전시공간과 체험공간이 있습니다","gesture":[{"controller":"Base","type":"Base_Basepose_1_1","pre":[["t0","t2"]],"stroke":[],"relax":[],"pose":1,"relative":0,"periodic":0},{"controller":"FullBody1","type":"Hand_BothUp_Make_3_3_3_1","pre":[["t0","t2"]],"stroke":[["t2","t5"]],"relax":[["t5","t9"]],"pose":0,"relative":0,"periodic":0},{"controller":"RArm1","type":"Number_Number_1","pre":[["t8","t10"]],"stroke":[["t10","t13"]],"relax":[],"pose":0,"relative":0,"periodic":0},{"controller":"RArm1","type":"Number_Number_1","pre":[],"stroke":[],"relax":[["t19","t22"]],"pose":0,"relative":0,"periodic":0},{"controller":"RArm2","type":"Number_Number_2","pre":[["t13","t15"]],"stroke":[],"relax":[],"pose":0,"relative":0,"periodic":0},{"controller":"RArm2","type":"Number_Number_2","pre":[],"stroke":[],"relax":[["t19","t22"]],"pose":0,"relative":0,"periodic":0},{"controller":"Head1","type":"Head_Nod_2","pre":[],"stroke":[["t0","t6"]],"relax":[],"pose":0,"relative":1,"periodic":1},{"controller":"Head1","type":"Head_Nod_2","pre":[],"stroke":[],"relax":[["t8","t15"]],"pose":0,"relative":1,"periodic":1},{"controller":"Head1","type":"Head_Nod_3","pre":[],"stroke":[["t25","t29"],["t29","t34"]],"relax":[],"pose":0,"relative":1,"periodic":1}],"gesture_schedule":[{"controller":"Base","type":"Base_Basepose_1_1","pose":1,"relative":0,"periodic":0,"phase":"pre","start":6,"duration":210},{"controller":"FullBody1","type":"Hand_BothUp_Make_3_3_3_1","pose":0,"relative":0,"periodic":0,"phase":"pre","start":6,"duration":210},{"controller":"FullBody1","type":"Hand_BothUp_Make_3_3_3_1","pose":0,"relative":0,"periodic":0,"phase":"stroke","start":216,"duration":315},{"controller":"FullBody1","type":"Hand_BothUp_Make_3_3_3_1","pose":0,"relative":0,"periodic":0,"phase":"relax","start":531,"duration":516},{"controller":"RArm1","type":"Number_Number_1","pose":0,"relative":0,"periodic":0,"phase":"pre","start":910,"duration":274},{"controller":"RArm1","type":"Number_Number_1","pose":0,"relative":0,"periodic":0,"phase":"stroke","start":1184,"duration":413},{"controller":"RArm1","type":"Number_Number_1","pose":0,"relative":0,"periodic":0,"phase":"relax","start":2441,"duration":468},{"controller":"RArm2","type":"Number_Number_2","pose":0,"relative":0,"periodic":0,"phase":"pre","start":1597,"duration":279},{"controller":"RArm2","type":"Number_Number_2","pose":0,"relative":0,"periodic":0,"phase":"relax","start":2441,"duration":468},{"controller":"Head1","type":"Head_Nod_2","pose":0,"relative":1,"periodic":1,"phase":"stroke","start":6,"duration":630},{"controller":"Head1","type":"Head_Nod_2","pose":0,"relative":1,"periodic":1,"phase":"relax","start":910,"duration":966},{"controller":"Head1","type":"Head_Nod_3","pose":0,"relative":1,"periodic":1,"phase":"stroke","start":3377,"duration":516},{"controller":"Head1","type":"Head_Nod_3","pose":0,"relative":1,"periodic":1,"phase":"stroke","start":3893,"duration":878}],"face":[{"controller":"Face","type":"Smile","relax":[],"stroke":[["t0","t2"]]},{"controller":"Face","type":"Smile","relax":[["t13","t15"]],"stroke":[]}],"face_schedule":[{"controller":"Face","type":"Smile","duration":210,"phase":"stroke","start":6},{"controller":"Face","type":"Smile","duration":279,"phase":"relax","start":1597}],"command":[],"command_schedule":[],"ui":[],"SpecialCommands":null,"audio_id":"am-space-01","audio_schedule":[{"type":"start","time":0},{"type":"stop","time":5041}],"ui_schedule":[],"duration":5041,"name":"action","sound_schedule":[],"Description":"","Date":"2020.11.17-21.46.47","sound":[]}}