{"Script":{"line":"매주 월요일과 일월 일일이 정기 휴관일입니다","line_timestamp":"매주 월요일과 일월 일일이 정기 휴관일입니다","gesture":[{"controller":"Base","type":"Base_Basepose_1_1","pre":[["t0","t6"]],"stroke":[],"relax":[],"pose":1,"relative":0,"periodic":0},{"controller":"BothArm1","type":"Point_Who_BothArm_You_1","pre":[["t0","t4"]],"stroke":[],"relax":[],"pose":0,"relative":0,"periodic":0},{"controller":"BothArm1","type":"Point_Who_BothArm_You_1","pre":[],"stroke":[["t5","t11"]],"relax":[["t11","t16"]],"pose":0,"relative":0,"periodic":0},{"controller":"Head1","type":"Head_Bow_2","pre":[],"stroke":[["t0","t6"]],"relax":[["t6","t10"]],"pose":0,"relative":1,"periodic":0},{"controller":"Head1","type":"Head_Bow_2","pre":[],"stroke":[["t15","t19"]],"relax":[["t19","t23"]],"pose":0,"relative":1,"periodic":0}],"gesture_schedule":[{"controller":"Base","type":"Base_Basepose_1_1","pose":1,"relative":0,"periodic":0,"phase":"pre","start":6,"duration":731},{"controller":"BothArm1","type":"Point_Who_BothArm_You_1","pose":0,"relative":0,"periodic":0,"phase":"pre","start":6,"duration":493},{"controller":"BothArm1","type":"Point_Who_BothArm_You_1","pose":0,"relative":0,"periodic":0,"phase":"stroke","start":618,"duration":642},{"controller":"BothArm1","type":"Point_Who_BothArm_You_1","pose":0,"relative":0,"periodic":0,"phase":"relax","start":1260,"duration":454},{"controller":"Head1","type":"Head_Bow_2","pose":0,"relative":1,"periodic":0,"phase":"stroke","start":6,"duration":731},{"controller":"Head1","type":"Head_Bow_2","pose":0,"relative":1,"periodic":0,"phase":"relax","start":737,"duration":428},{"controller":"Head1","type":"Head_Bow_2","pose":0,"relative":1,"periodic":0,"phase":"stroke","start":1603,"duration":499},{"controller":"Head1","type":"Head_Bow_2","pose":0,"relative":1,"periodic":0,"phase":"relax","start":2102,"duration":656}],"face":[{"controller":"Face","type":"Hopeful","relax":[],"stroke":[["t0","t2"]]},{"controller":"Face","type":"Hopeful","relax":[["t23","t24"]],"stroke":[]}],"face_schedule":[{"controller":"Face","type":"Hopeful","duration":248,"phase":"stroke","start":6},{"controller":"Face","type":"Hopeful","duration":166,"phase":"relax","start":2758}],"command":[],"command_schedule":[],"ui":[],"SpecialCommands":null,"audio_id":"am-usage-02","audio_schedule":[{"type":"start","time":0},{"type":"stop","time":3004}],"ui_schedule":[],"duration":3004,"name":"action","sound_schedule":[],"Description":"","Date":"2020.11.17-21.48.44","sound":[]}}