{"Script":{"line":"운영시간은 오전 열시부터 오후 여섯시까지이며 입장 마감시간은 오후 다섯시 까지 입니다","line_timestamp":"운영시간은 오전 열시부터 오후 여섯시까지이며 입장 마감시간은 오후 다섯시 까지 입니다","gesture":[{"controller":"Base","type":"Base_Basepose_1_1","pre":[["t0","t4"]],"stroke":[],"relax":[],"pose":1,"relative":0,"periodic":0},{"controller":"BothArm1","type":"Hand_BothForward_Make_4_3","pre":[["t0","t3"]],"stroke":[["t3","t7"]],"relax":[["t7","t11"]],"pose":0,"relative":0,"periodic":0},{"controller":"RArm1","type":"Number_Number_5","pre":[["t11","t15"]],"stroke":[["t15","t19"]],"relax":[["t19","t22"]],"pose":0,"relative":0,"periodic":0},{"controller":"RArm1","type":"Number_Number_5","pre":[["t29","t32"]],"stroke":[["t32","t36"]],"relax":[["t36","t40"]],"pose":0,"relative":0,"periodic":0},{"controller":"LArm1","type":"Number_Number_1","pre":[["t11","t15"]],"stroke":[["t15","t19"]],"relax":[["t19","t22"]],"pose":0,"relative":0,"periodic":0},{"controller":"Head1","type":"Head_Bow_3","pre":[],"stroke":[["t0","t5"]],"relax":[],"pose":0,"relative":1,"periodic":0},{"controller":"Head1","type":"Head_Bow_3","pre":[],"stroke":[],"relax":[["t6","t10"]],"pose":0,"relative":1,"periodic":0},{"controller":"Head1","type":"Head_Bow_3","pre":[],"stroke":[["t23","t29"]],"relax":[["t29","t33"]],"pose":0,"relative":1,"periodic":0}],"gesture_schedule":[{"controller":"Base","type":"Base_Basepose_1_1","pose":1,"relative":0,"periodic":0,"phase":"pre","start":6,"duration":492},{"controller":"BothArm1","type":"Hand_BothForward_Make_4_3","pose":0,"relative":0,"periodic":0,"phase":"pre","start":6,"duration":369},{"controller":"BothArm1","type":"Hand_BothForward_Make_4_3","pose":0,"relative":0,"periodic":0,"phase":"stroke","start":375,"duration":486},{"controller":"BothArm1","type":"Hand_BothForward_Make_4_3","pose":0,"relative":0,"periodic":0,"phase":"relax","start":861,"duration":546},{"controller":"RArm1","type":"Number_Number_5","pose":0,"relative":0,"periodic":0,"phase":"pre","start":1407,"duration":553},{"controller":"RArm1","type":"Number_Number_5","pose":0,"relative":0,"periodic":0,"phase":"stroke","start":1960,"duration":477},{"controller":"RArm1","type":"Number_Number_5","pose":0,"relative":0,"periodic":0,"phase":"relax","start":2437,"duration":516},{"controller":"RArm1","type":"Number_Number_5","pose":0,"relative":0,"periodic":0,"phase":"pre","start":3984,"duration":447},{"controller":"RArm1","type":"Number_Number_5","pose":0,"relative":0,"periodic":0,"phase":"stroke","start":4431,"duration":428},{"controller":"RArm1","type":"Number_Number_5","pose":0,"relative":0,"periodic":0,"phase":"relax","start":4859,"duration":391},{"controller":"LArm1","type":"Number_Number_1","pose":0,"relative":0,"periodic":0,"phase":"pre","start":1407,"duration":553},{"controller":"LArm1","type":"Number_Number_1","pose":0,"relative":0,"periodic":0,"phase":"stroke","start":1960,"duration":477},{"controller":"LArm1","type":"Number_Number_1","pose":0,"relative":0,"periodic":0,"phase":"relax","start":2437,"duration":516},{"controller":"Head1","type":"Head_Bow_3","pose":0,"relative":1,"periodic":0,"phase":"stroke","start":6,"duration":615},{"controller":"Head1","type":"Head_Bow_3","pose":0,"relative":1,"periodic":0,"phase":"relax","start":749,"duration":497},{"controller":"Head1","type":"Head_Bow_3","pose":0,"relative":1,"periodic":0,"phase":"stroke","start":3125,"duration":859},{"controller":"Head1","type":"Head_Bow_3","pose":0,"relative":1,"periodic":0,"phase":"relax","start":3984,"duration":596}],"face":[{"controller":"Face","type":"Smile","relax":[],"stroke":[["t5","t7"]]},{"controller":"Face","type":"Smile","relax":[["t9","t10"]],"stroke":[]}],"face_schedule":[{"controller":"Face","type":"Smile","duration":240,"phase":"stroke","start":621},{"controller":"Face","type":"Smile","duration":161,"phase":"relax","start":1085}],"command":[],"command_schedule":[],"ui":[],"SpecialCommands":null,"audio_id":"am-usage-01","audio_schedule":[{"type":"start","time":0},{"type":"stop","time":6321}],"ui_schedule":[],"duration":6321,"name":"action","sound_schedule":[],"Description":"","Date":"2020.11.17-21.48.44","sound":[]}}